padmet_file	pathways	reactions	reactions_with_gene_association	genes	compounds
padmet/GCA_003473565.padmet	146	1153	864	528	1403
padmet/GCA_003467985.padmet	125	805	637	432	967
padmet/GCA_003433825.padmet	158	1069	802	470	1278
padmet/GCA_003471245.padmet	142	950	718	445	1118
padmet/GCA_003465375.padmet	168	1201	906	694	1426
padmet/GCA_003462005.padmet	159	1145	855	615	1364
padmet/GCA_003439685.padmet	196	1362	1020	718	1619
padmet/GCA_003470265.padmet	162	1127	833	593	1343
padmet/GCA_003481005.padmet	128	1057	812	567	1306
padmet/GCA_003437785.padmet	125	794	625	421	946
padmet/GCA_003466385.padmet	111	786	583	426	1005
padmet/GCA_003473405.padmet	132	987	730	488	1233
padmet/GCA_003459195.padmet	220	1467	1117	649	1654
padmet/GCA_003462165.padmet	143	1121	847	616	1372
padmet/GCA_003469475.padmet	190	1325	1002	720	1575
padmet/GCA_003461485.padmet	109	930	694	436	1114
padmet/GCA_003472565.padmet	196	1315	974	661	1539
padmet/GCA_003480315.padmet	160	1124	840	614	1339
padmet/GCA_003439105.padmet	134	986	742	438	1160
padmet/GCA_003433905.padmet	158	1183	864	564	1407
padmet/GCA_003473445.padmet	139	1049	782	525	1291
padmet/GCA_003474085.padmet	147	1087	793	539	1317
padmet/GCA_003475115.padmet	122	886	663	424	1111
padmet/GCA_003463165.padmet	187	1323	987	746	1569
padmet/GCA_003461685.padmet	143	1110	824	511	1358
padmet/GCA_003437485.padmet	166	1157	866	589	1376
padmet/GCA_003439415.padmet	208	1401	1057	733	1652
padmet/GCA_003466945.padmet	219	1394	1033	732	1624
padmet/GCA_003437935.padmet	211	1397	1057	772	1630
padmet/GCA_003470465.padmet	184	1306	972	688	1546
padmet/GCA_003438025.padmet	190	1291	936	670	1526
padmet/GCA_003604095.padmet	137	1029	769	513	1228
padmet/GCA_003458815.padmet	127	1013	752	555	1250
padmet/GCA_003479575.padmet	117	964	733	498	1202
padmet/GCA_003437665.padmet	162	1189	879	681	1408
padmet/GCA_003479625.padmet	171	1205	900	714	1409
padmet/GCA_003469915.padmet	150	1059	781	490	1215
padmet/GCA_003462955.padmet	190	1289	914	639	1541
padmet/GCA_003436215.padmet	168	1190	894	672	1389
padmet/GCA_003461655.padmet	167	1157	879	626	1376
padmet/GCA_003467545.padmet	120	864	627	410	1051
padmet/GCA_003461335.padmet	124	941	703	487	1187
padmet/GCA_003467225.padmet	125	963	704	486	1183
padmet/GCA_003458885.padmet	127	969	697	448	1193
padmet/GCA_003467605.padmet	198	1321	983	683	1554
padmet/GCA_003460825.padmet	140	1150	843	542	1408
padmet/GCA_003481775.padmet	163	1150	856	720	1354
padmet/GCA_003474045.padmet	106	680	494	325	848
padmet/GCA_003458235.padmet	204	1411	1057	817	1667
padmet/GCA_003460265.padmet	152	1118	845	582	1364
padmet/GCA_003459505.padmet	125	878	655	435	1089
padmet/GCA_003434765.padmet	124	931	665	450	1145
padmet/GCA_003479605.padmet	137	1043	787	532	1261
padmet/GCA_003472745.padmet	156	1150	833	627	1346
padmet/GCA_003475645.padmet	138	1023	766	463	1230
padmet/GCA_003475825.padmet	186	1271	955	681	1541
padmet/GCA_003461775.padmet	108	870	629	424	1126
padmet/GCA_003435175.padmet	163	1161	860	618	1386
padmet/GCA_003438465.padmet	193	1363	1020	730	1614
padmet/GCA_003461585.padmet	144	1110	827	531	1333
padmet/GCA_003481215.padmet	152	1117	828	619	1343
padmet/GCA_003603075.padmet	213	1405	1062	789	1645
padmet/GCA_003436805.padmet	167	1159	867	633	1369
padmet/GCA_003434125.padmet	151	1128	828	524	1364
padmet/GCA_003481445.padmet	132	1042	783	512	1296
padmet/GCA_003460605.padmet	165	1168	881	677	1403
padmet/GCA_003474905.padmet	139	936	711	452	1117
padmet/GCA_003480955.padmet	147	1138	840	539	1384
padmet/GCA_003474005.padmet	182	1298	926	673	1536
padmet/GCA_003479185.padmet	145	1160	883	637	1423
padmet/GCA_003433675.padmet	157	1128	853	518	1329
padmet/GCA_003464105.padmet	155	1162	841	605	1397
padmet/GCA_003434205.padmet	177	1196	889	570	1459
padmet/GCA_003470845.padmet	123	972	744	495	1180
padmet/GCA_003472055.padmet	200	1375	1014	795	1592
padmet/GCA_003437105.padmet	135	927	709	446	1109
padmet/GCA_003460955.padmet	141	1122	852	611	1368
padmet/GCA_003477525.padmet	156	1153	859	607	1372
padmet/GCA_003469085.padmet	129	941	704	438	1187
padmet/GCA_003481385.padmet	143	1071	790	590	1285
padmet/GCA_003475385.padmet	206	1396	1038	755	1633
padmet/GCA_003463555.padmet	186	1279	925	633	1539
padmet/GCA_003458415.padmet	127	899	669	424	1102
padmet/GCA_003481535.padmet	146	1104	841	630	1332
padmet/GCA_003462605.padmet	138	1044	789	542	1261
padmet/GCA_003436175.padmet	218	1410	1045	747	1645
padmet/GCA_003436485.padmet	175	1231	907	579	1426
padmet/GCA_003463205.padmet	204	1415	1058	831	1674
padmet/GCA_003465595.padmet	125	912	688	436	1134
padmet/GCA_003464785.padmet	194	1394	1035	750	1653
padmet/GCA_003468695.padmet	205	1386	1042	810	1628
padmet/GCA_003438845.padmet	161	1179	878	680	1407
padmet/GCA_003437095.padmet	135	925	708	444	1106
padmet/GCA_003470225.padmet	180	1230	927	566	1425
padmet/GCA_003473205.padmet	140	928	711	451	1091
padmet/GCA_003462895.padmet	130	839	663	420	1000
padmet/GCA_003457875.padmet	133	936	703	443	1138
padmet/GCA_003433795.padmet	143	1048	766	532	1248
padmet/GCA_003479105.padmet	141	1119	850	633	1361
padmet/GCA_003470215.padmet	140	1066	809	552	1304
padmet/GCA_003438715.padmet	150	1116	845	590	1358
padmet/GCA_003469815.padmet	112	751	555	432	977
padmet/GCA_003480425.padmet	135	1048	752	532	1284
padmet/GCA_003459425.padmet	211	1418	1061	830	1665
padmet/GCA_003475045.padmet	216	1397	1040	738	1636
padmet/GCA_003471405.padmet	125	890	659	424	1090
padmet/GCA_003437835.padmet	130	808	637	430	961
padmet/GCA_003459715.padmet	217	1405	1037	727	1639
padmet/GCA_003466125.padmet	109	702	570	402	864
padmet/GCA_003438245.padmet	139	1013	759	459	1207
padmet/GCA_003461525.padmet	144	1108	832	541	1325
padmet/GCA_003438775.padmet	209	1409	1046	750	1652
padmet/GCA_003471505.padmet	133	873	662	424	1074
padmet/GCA_003436945.padmet	171	1187	883	614	1407
padmet/GCA_003603395.padmet	196	1377	1033	746	1637
padmet/GCA_003635405.padmet	212	1408	1052	754	1649
padmet/GCA_003466905.padmet	188	1303	967	650	1552
padmet/GCA_003462465.padmet	171	1202	916	652	1419
padmet/GCA_003467515.padmet	131	810	634	424	968
padmet/GCA_003472445.padmet	200	1323	976	681	1554
padmet/GCA_003470855.padmet	139	1002	757	457	1206
padmet/GCA_003460035.padmet	199	1401	1060	829	1660
padmet/GCA_003436015.padmet	209	1392	1058	775	1635
padmet/GCA_003437205.padmet	197	1355	1019	735	1608
padmet/GCA_003472025.padmet	209	1426	1053	754	1669
padmet/GCA_003475485.padmet	125	772	598	511	945
padmet/GCA_003475835.padmet	140	945	720	451	1127
padmet/GCA_003478095.padmet	148	1157	865	606	1404
padmet/GCA_003602945.padmet	197	1394	1032	729	1645
padmet/GCA_003480765.padmet	168	1160	868	680	1365
padmet/GCA_003464165.padmet	124	994	742	484	1237
padmet/GCA_003459125.padmet	167	1148	838	617	1367
padmet/GCA_003466675.padmet	164	1121	797	544	1364
padmet/GCA_003464205.padmet	213	1376	1023	746	1617
padmet/GCA_003460875.padmet	138	1095	806	553	1313
padmet/GCA_003468125.padmet	121	877	662	435	1101
padmet/GCA_003467905.padmet	139	949	718	455	1119
padmet/GCA_003459625.padmet	196	1382	1017	739	1630
padmet/GCA_003482275.padmet	132	990	732	513	1212
padmet/GCA_003461885.padmet	166	1191	883	665	1396
padmet/GCA_003469765.padmet	97	636	517	345	796
padmet/GCA_003438365.padmet	144	1068	809	564	1307
padmet/GCA_003462305.padmet	115	949	727	489	1188
padmet/GCA_003465825.padmet	124	900	667	429	1125
padmet/GCA_003478775.padmet	155	1168	847	613	1394
padmet/GCA_003460195.padmet	138	1039	786	554	1260
padmet/GCA_003457795.padmet	147	1119	846	609	1348
padmet/GCA_003462405.padmet	166	1187	899	617	1425
padmet/GCA_003604045.padmet	211	1387	1055	779	1622
padmet/GCA_003460625.padmet	165	1210	913	627	1450
padmet/GCA_003457765.padmet	130	839	663	421	1000
padmet/GCA_003435485.padmet	170	1311	1003	781	1575
padmet/GCA_003464385.padmet	211	1413	1056	751	1656
padmet/GCA_003471925.padmet	208	1426	1053	753	1669
padmet/GCA_003458305.padmet	206	1396	1050	811	1638
padmet/GCA_003480005.padmet	137	1020	711	497	1245
padmet/GCA_003457705.padmet	214	1391	1034	724	1641
padmet/GCA_003437545.padmet	195	1367	1039	796	1612
padmet/GCA_003469415.padmet	193	1351	1006	694	1601
padmet/GCA_003473825.padmet	132	903	717	501	1095
padmet/GCA_003471385.padmet	143	942	714	455	1108
padmet/GCA_003474125.padmet	164	1160	834	565	1413
padmet/GCA_003438185.padmet	138	1013	763	433	1189
padmet/GCA_003603765.padmet	128	1000	746	529	1195
padmet/GCA_003435515.padmet	154	1190	853	565	1412
padmet/GCA_003437235.padmet	124	912	687	429	1143
padmet/GCA_003479205.padmet	183	1269	958	687	1542
padmet/GCA_003458965.padmet	131	817	641	430	974
padmet/GCA_003468065.padmet	149	1101	837	573	1352
padmet/GCA_003437295.padmet	382	2354	1846	1267	2497
padmet/GCA_003471845.padmet	163	1184	885	592	1425
padmet/GCA_003468665.padmet	124	948	702	452	1164
padmet/GCA_003466545.padmet	137	952	719	453	1129
padmet/GCA_003469535.padmet	164	1237	902	597	1504
padmet/GCA_003439065.padmet	208	1435	1057	786	1684
padmet/GCA_003458455.padmet	149	1113	841	575	1361
padmet/GCA_003475215.padmet	169	1170	877	627	1390
padmet/GCA_003434045.padmet	143	1080	788	576	1293
padmet/GCA_003439275.padmet	215	1387	1043	738	1626
padmet/GCA_003473905.padmet	163	1156	869	683	1365
padmet/GCA_003461435.padmet	112	931	693	436	1115
padmet/GCA_003460185.padmet	190	1284	942	665	1510
padmet/GCA_003438205.padmet	195	1381	1037	727	1636
padmet/GCA_003459155.padmet	189	1305	968	625	1547
padmet/GCA_003479215.padmet	134	1025	764	517	1226
padmet/GCA_003467875.padmet	463	2343	1700	1151	2458
padmet/GCA_003436505.padmet	136	928	710	455	1095
padmet/GCA_003481845.padmet	113	955	668	414	1182
padmet/GCA_003467065.padmet	132	819	640	433	974
padmet/GCA_003434415.padmet	142	1053	798	618	1258
padmet/GCA_003477985.padmet	170	1226	910	692	1432
padmet/GCA_003480085.padmet	145	1094	771	486	1301
padmet/GCA_003439895.padmet	200	1355	1009	742	1622
padmet/GCA_003461385.padmet	124	941	703	487	1187
padmet/GCA_003439485.padmet	469	2381	1725	1205	2490
padmet/GCA_003459065.padmet	188	1324	985	725	1561
padmet/GCA_003437315.padmet	156	1112	791	545	1347
padmet/GCA_003469355.padmet	131	893	714	474	1085
padmet/GCA_003435055.padmet	129	1047	746	520	1269
padmet/GCA_003465425.padmet	125	804	635	429	963
padmet/GCA_003459885.padmet	157	1149	852	714	1351
padmet/GCA_003439675.padmet	209	1415	1039	755	1648
padmet/GCA_003460945.padmet	154	1152	862	548	1391
padmet/GCA_003458625.padmet	204	1452	1086	943	1714
padmet/GCA_003481715.padmet	138	1044	789	542	1261
padmet/GCA_003472385.padmet	144	1078	798	499	1288
padmet/GCA_003603335.padmet	148	1027	757	571	1223
padmet/GCA_003468745.padmet	137	1044	785	511	1296
padmet/GCA_003470485.padmet	171	1184	863	649	1408
padmet/GCA_003478875.padmet	143	1069	804	553	1287
padmet/GCA_003460905.padmet	163	1167	879	624	1387
padmet/GCA_003462105.padmet	167	1210	915	633	1451
padmet/GCA_003478855.padmet	140	1031	755	489	1248
padmet/GCA_003479365.padmet	137	1052	784	563	1260
padmet/GCA_003464345.padmet	106	691	523	412	868
padmet/GCA_003468225.padmet	174	1269	957	747	1526
padmet/GCA_003434675.padmet	138	1065	788	552	1278
padmet/GCA_003478985.padmet	162	1182	875	680	1386
padmet/GCA_003460505.padmet	128	1012	771	500	1217
padmet/GCA_003462485.padmet	159	998	740	461	1209
padmet/GCA_003458145.padmet	209	1386	1050	766	1627
padmet/GCA_003471265.padmet	171	1185	866	649	1408
padmet/GCA_003461705.padmet	144	1049	783	589	1254
padmet/GCA_003603435.padmet	147	1134	827	594	1368
padmet/GCA_003463955.padmet	183	1284	959	710	1543
padmet/GCA_003604105.padmet	154	1167	838	538	1384
padmet/GCA_003433755.padmet	147	999	786	625	1197
padmet/GCA_003603665.padmet	197	1393	1034	712	1646
padmet/GCA_003602765.padmet	160	1186	908	505	1390
padmet/GCA_003435695.padmet	122	955	715	482	1190
padmet/GCA_003479145.padmet	198	1315	984	759	1578
padmet/GCA_003474735.padmet	137	1063	801	555	1304
padmet/GCA_003603375.padmet	193	1370	1024	715	1640
padmet/GCA_003438405.padmet	131	819	640	429	972
padmet/GCA_003464565.padmet	123	882	659	425	1093
padmet/GCA_003635435.padmet	204	1389	1047	729	1635
padmet/GCA_003465185.padmet	138	1029	775	493	1239
padmet/GCA_003472505.padmet	112	736	602	404	916
padmet/GCA_003462785.padmet	130	892	716	473	1082
padmet/GCA_003475445.padmet	187	1297	965	645	1546
padmet/GCA_003465685.padmet	126	901	671	432	1120
padmet/GCA_003459145.padmet	220	1464	1113	648	1650
padmet/GCA_003474945.padmet	192	1279	940	680	1522
padmet/GCA_003466615.padmet	152	1081	782	549	1306
padmet/GCA_003464235.padmet	138	1034	773	492	1244
padmet/GCA_003462325.padmet	126	965	719	512	1212
padmet/GCA_003474655.padmet	154	1110	791	547	1345
padmet/GCA_003438115.padmet	123	917	696	428	1149
padmet/GCA_003459085.padmet	111	733	549	498	911
padmet/GCA_003437775.padmet	130	835	657	417	1005
padmet/GCA_003459025.padmet	160	1204	893	690	1429
padmet/GCA_003474365.padmet	107	702	574	412	870
padmet/GCA_003481825.padmet	156	1129	841	611	1345
padmet/GCA_003461405.padmet	115	958	734	504	1205
padmet/GCA_003465065.padmet	132	819	643	438	974
padmet/GCA_003481885.padmet	121	952	664	397	1203
padmet/GCA_003473755.padmet	120	789	575	441	1025
padmet/GCA_003457695.padmet	143	1059	808	481	1246
padmet/GCA_003481265.padmet	152	1172	866	537	1407
padmet/GCA_003463495.padmet	207	1400	1053	823	1648
padmet/GCA_003481685.padmet	147	1129	843	536	1379
padmet/GCA_003481745.padmet	161	1135	836	626	1337
padmet/GCA_003480785.padmet	163	1175	869	679	1378
padmet/GCA_003439715.padmet	155	1226	909	626	1525
padmet/GCA_003462045.padmet	107	864	612	415	1078
padmet/GCA_003458155.padmet	201	1388	1057	850	1643
padmet/GCA_003603405.padmet	138	1029	771	463	1220
padmet/GCA_003461465.padmet	125	937	684	495	1173
padmet/GCA_003438525.padmet	149	1071	767	514	1285
padmet/GCA_003465715.padmet	208	1397	1048	817	1645
padmet/GCA_003458365.padmet	190	1288	933	668	1529
padmet/GCA_003479635.padmet	155	1120	835	529	1366
padmet/GCA_003436605.padmet	218	1398	1036	727	1637
padmet/GCA_003469225.padmet	198	1294	927	645	1538
padmet/GCA_003458955.padmet	211	1417	1060	756	1664
padmet/GCA_003460725.padmet	152	1086	775	553	1300
padmet/GCA_003465205.padmet	128	831	666	418	1000
padmet/GCA_003433745.padmet	150	1124	841	630	1329
padmet/GCA_003481565.padmet	157	1189	891	591	1444
padmet/GCA_003439735.padmet	211	1395	1054	763	1630
padmet/GCA_003469845.padmet	162	1249	945	649	1499
padmet/GCA_003433925.padmet	211	1500	1115	952	1757
padmet/GCA_003438615.padmet	196	1327	978	682	1549
padmet/GCA_003461725.padmet	164	1184	887	704	1404
padmet/GCA_003603945.padmet	140	1068	787	559	1270
padmet/GCA_003434015.padmet	160	1173	856	555	1394
padmet/GCA_003465765.padmet	218	1382	1030	725	1623
padmet/GCA_003436545.padmet	131	814	639	428	965
padmet/GCA_003436335.padmet	173	1222	913	587	1465
padmet/GCA_003474205.padmet	125	1001	739	495	1257
padmet/GCA_003603115.padmet	138	1059	789	556	1269
padmet/GCA_003459985.padmet	133	1035	759	512	1249
padmet/GCA_003435685.padmet	188	1299	994	653	1559
padmet/GCA_003457855.padmet	174	1180	858	638	1384
padmet/GCA_003474985.padmet	216	1397	1040	738	1636
padmet/GCA_003474475.padmet	143	1113	822	524	1329
padmet/GCA_003466505.padmet	142	947	721	452	1121
padmet/GCA_003468845.padmet	102	652	524	356	817
padmet/GCA_003472185.padmet	182	1263	956	688	1537
padmet/GCA_003603815.padmet	177	1322	1010	821	1564
padmet/GCA_003474345.padmet	184	1268	946	673	1548
padmet/GCA_003470435.padmet	134	1031	764	528	1242
padmet/GCA_003478765.padmet	162	1192	886	674	1402
padmet/GCA_003437035.padmet	120	893	679	429	1119
padmet/GCA_003468995.padmet	162	1197	887	693	1417
padmet/GCA_003479375.padmet	183	1252	938	644	1485
padmet/GCA_003438545.padmet	192	1276	933	662	1512
padmet/GCA_003473745.padmet	167	1181	877	684	1394
padmet/GCA_003477925.padmet	147	1164	867	532	1427
padmet/GCA_003480675.padmet	120	976	735	510	1220
padmet/GCA_003477445.padmet	129	1044	752	481	1311
padmet/GCA_003477415.padmet	152	1146	843	628	1359
padmet/GCA_003635365.padmet	208	1401	1055	738	1648
padmet/GCA_003457815.padmet	207	1390	1040	820	1599
padmet/GCA_003478915.padmet	143	1066	799	552	1284
padmet/GCA_003461785.padmet	124	944	707	498	1184
padmet/GCA_003465135.padmet	132	823	647	433	982
padmet/GCA_003436595.padmet	139	945	714	450	1108
padmet/GCA_003467725.padmet	172	1221	915	687	1453
padmet/GCA_003459185.padmet	149	1111	842	569	1357
padmet/GCA_003462185.padmet	106	908	660	400	1109
padmet/GCA_003468785.padmet	192	1336	997	728	1579
padmet/GCA_003462365.padmet	146	1077	819	575	1303
padmet/GCA_003481515.padmet	170	1181	885	702	1387
padmet/GCA_003479865.padmet	131	1029	766	524	1275
padmet/GCA_003459325.padmet	193	1359	1019	735	1624
padmet/GCA_003438725.padmet	139	1064	783	510	1280
padmet/GCA_003480285.padmet	169	1182	888	697	1389
padmet/GCA_003472195.padmet	211	1435	1058	769	1681
padmet/GCA_003434755.padmet	119	924	655	437	1133
padmet/GCA_003467125.padmet	174	1200	900	603	1388
padmet/GCA_003466965.padmet	164	1253	944	672	1514
padmet/GCA_003457665.padmet	201	1391	1040	806	1635
padmet/GCA_003468285.padmet	125	937	705	395	1141
padmet/GCA_003603575.padmet	131	1040	775	530	1245
padmet/GCA_003458325.padmet	101	892	651	382	1103
padmet/GCA_003459475.padmet	131	827	652	434	994
padmet/GCA_003482195.padmet	133	1008	747	489	1229
padmet/GCA_003460315.padmet	165	1173	886	631	1395
padmet/GCA_003434745.padmet	206	1441	1070	895	1677
padmet/GCA_003465365.padmet	140	942	719	443	1119
padmet/GCA_003478475.padmet	142	1049	796	572	1262
padmet/GCA_003439785.padmet	158	1124	855	607	1332
padmet/GCA_003467565.padmet	215	1396	1035	750	1627
padmet/GCA_003473465.padmet	162	1124	857	635	1315
padmet/GCA_003471525.padmet	198	1314	976	677	1544
padmet/GCA_003479305.padmet	159	1141	845	523	1409
padmet/GCA_003470085.padmet	201	1323	984	691	1553
padmet/GCA_003474535.padmet	186	1270	946	623	1518
padmet/GCA_003461305.padmet	124	941	703	487	1187
padmet/GCA_003462645.padmet	142	1066	796	540	1283
padmet/GCA_003436785.padmet	153	1121	847	574	1367
padmet/GCA_003436425.padmet	117	786	569	440	1015
padmet/GCA_003479805.padmet	107	688	559	381	854
padmet/GCA_003458745.padmet	119	951	685	459	1168
padmet/GCA_003480205.padmet	169	1182	892	696	1377
padmet/GCA_003474785.padmet	184	1247	909	628	1457
padmet/GCA_003603835.padmet	131	1040	775	531	1245
padmet/GCA_003469495.padmet	462	2341	1694	1125	2440
padmet/GCA_003635425.padmet	211	1389	1047	720	1640
padmet/GCA_003472725.padmet	132	816	639	433	970
padmet/GCA_003469715.padmet	208	1410	1066	749	1668
padmet/GCA_003467455.padmet	159	1188	884	666	1411
padmet/GCA_003481045.padmet	163	1170	870	664	1370
padmet/GCA_003478165.padmet	193	1331	981	855	1571
padmet/GCA_003458705.padmet	135	1033	760	484	1289
padmet/GCA_003472965.padmet	206	1400	1054	819	1645
padmet/GCA_003466485.padmet	125	794	625	420	946
padmet/GCA_003439655.padmet	131	818	643	432	979
padmet/GCA_003460025.padmet	193	1356	1021	763	1589
padmet/GCA_003461625.padmet	135	1030	767	510	1215
padmet/GCA_003603695.padmet	150	1058	776	591	1259
padmet/GCA_003438925.padmet	144	1068	809	564	1307
padmet/GCA_003467635.padmet	139	1038	791	593	1253
padmet/GCA_003473105.padmet	129	829	657	411	994
padmet/GCA_003437905.padmet	200	1399	1045	953	1652
padmet/GCA_003459265.padmet	124	867	645	436	1082
padmet/GCA_003474015.padmet	109	708	510	334	876
padmet/GCA_003459735.padmet	167	1169	874	600	1385
padmet/GCA_003461185.padmet	136	1053	797	537	1278
padmet/GCA_003469365.padmet	205	1388	1037	839	1594
padmet/GCA_003436415.padmet	168	1150	811	568	1386
padmet/GCA_003463925.padmet	164	1157	867	623	1399
padmet/GCA_003474255.padmet	161	1197	888	669	1420
padmet/GCA_003435625.padmet	115	966	742	510	1210
padmet/GCA_003457755.padmet	215	1390	1039	720	1620
padmet/GCA_003438965.padmet	144	1068	809	566	1307
padmet/GCA_003434665.padmet	163	1167	863	610	1395
padmet/GCA_003436955.padmet	133	875	666	429	1076
padmet/GCA_003467845.padmet	176	1285	950	811	1536
padmet/GCA_003479515.padmet	200	1352	994	766	1623
padmet/GCA_003477595.padmet	130	1071	742	464	1345
padmet/GCA_003479275.padmet	150	1176	875	547	1431
padmet/GCA_003603205.padmet	128	1003	750	536	1195
padmet/GCA_003467665.padmet	166	1163	875	624	1389
padmet/GCA_003480065.padmet	144	1084	809	622	1285
padmet/GCA_003463625.padmet	174	1207	870	562	1472
padmet/GCA_003471585.padmet	124	766	612	423	945
padmet/GCA_003470705.padmet	187	1314	978	724	1549
padmet/GCA_003478525.padmet	163	1115	809	615	1322
padmet/GCA_003439125.padmet	126	908	683	439	1124
padmet/GCA_003472485.padmet	111	734	603	407	914
padmet/GCA_003477665.padmet	156	1156	859	607	1390
padmet/GCA_003438235.padmet	212	1386	1031	727	1633
padmet/GCA_003480695.padmet	143	1121	847	614	1372
padmet/GCA_003466525.padmet	129	938	698	434	1161
padmet/GCA_003479745.padmet	122	949	663	409	1180
padmet/GCA_003459935.padmet	112	929	711	482	1158
padmet/GCA_003462345.padmet	108	918	685	428	1108
padmet/GCA_003478565.padmet	118	996	703	519	1218
padmet/GCA_003481015.padmet	170	1243	903	673	1481
padmet/GCA_003478025.padmet	113	912	672	460	1146
padmet/GCA_003461545.padmet	138	1054	785	548	1261
padmet/GCA_003478515.padmet	145	1075	807	555	1293
padmet/GCA_003466665.padmet	181	1224	852	533	1493
padmet/GCA_003436855.padmet	216	1395	1039	729	1637
padmet/GCA_003482085.padmet	213	1371	1008	606	1585
padmet/GCA_003462865.padmet	212	1376	1023	750	1617
padmet/GCA_003472405.padmet	140	927	710	449	1089
padmet/GCA_003468625.padmet	146	1083	818	591	1298
padmet/GCA_003472935.padmet	198	1377	1042	743	1630
padmet/GCA_003463085.padmet	154	1155	836	599	1378
padmet/GCA_003475305.padmet	182	1258	952	677	1537
padmet/GCA_003463375.padmet	161	1229	882	615	1506
padmet/GCA_003508775.padmet	187	1312	977	687	1537
padmet/GCA_003458205.padmet	182	1238	914	586	1430
padmet/GCA_003473385.padmet	151	1105	810	590	1325
padmet/GCA_003472675.padmet	200	1372	1017	812	1588
padmet/GCA_003469805.padmet	167	1134	816	576	1375
padmet/GCA_003603065.padmet	191	1356	1025	735	1629
padmet/GCA_003460565.padmet	141	1117	840	611	1366
padmet/GCA_003433955.padmet	118	769	577	386	927
padmet/GCA_003439355.padmet	138	1027	774	572	1248
padmet/GCA_003480555.padmet	139	1102	839	589	1356
padmet/GCA_003471705.padmet	213	1387	1031	707	1625
padmet/GCA_003457805.padmet	142	1051	798	609	1262
padmet/GCA_003475785.padmet	115	934	700	465	1167
padmet/GCA_003473685.padmet	149	1136	850	623	1382
padmet/GCA_003470325.padmet	118	892	688	420	1121
padmet/GCA_003434565.padmet	149	1055	772	590	1257
padmet/GCA_003475335.padmet	199	1316	976	685	1546
padmet/GCA_003460835.padmet	163	1167	879	625	1387
padmet/GCA_003466105.padmet	132	821	641	428	984
padmet/GCA_003464975.padmet	156	1106	780	546	1328
padmet/GCA_003481925.padmet	120	938	662	432	1187
padmet/GCA_003472085.padmet	206	1400	1054	819	1645
padmet/GCA_003474835.padmet	132	821	640	434	976
padmet/GCA_003437815.padmet	208	1423	1050	737	1664
padmet/GCA_003473355.padmet	129	874	699	464	1061
padmet/GCA_003465835.padmet	165	1173	855	600	1382
padmet/GCA_003463685.padmet	179	1170	848	627	1443
padmet/GCA_003481465.padmet	134	1023	761	526	1221
padmet/GCA_003436105.padmet	111	702	517	343	878
padmet/GCA_003603875.padmet	151	1039	766	587	1247
padmet/GCA_003466425.padmet	142	955	722	447	1124
padmet/GCA_003464635.padmet	204	1419	1049	747	1673
padmet/GCA_003467795.padmet	122	878	672	419	1086
padmet/GCA_003437945.padmet	125	804	637	429	967
padmet/GCA_003459285.padmet	108	672	504	394	844
padmet/GCA_003461945.padmet	109	906	663	431	1102
padmet/GCA_003459245.padmet	124	891	657	427	1101
padmet/GCA_003470775.padmet	137	1001	760	547	1202
padmet/GCA_003468865.padmet	199	1389	1039	741	1650
padmet/GCA_003474485.padmet	124	950	685	392	1156
padmet/GCA_003603885.padmet	167	1197	890	683	1398
padmet/GCA_003465125.padmet	146	1012	739	507	1265
padmet/GCA_003433945.padmet	217	1439	1051	932	1677
padmet/GCA_003481895.padmet	132	992	726	470	1180
padmet/GCA_003461215.padmet	124	944	703	488	1181
padmet/GCA_003473045.padmet	168	1163	850	621	1374
padmet/GCA_003472845.padmet	174	1194	868	574	1441
padmet/GCA_003467935.padmet	155	1104	786	554	1333
padmet/GCA_003602935.padmet	161	1202	870	626	1489
padmet/GCA_003460585.padmet	163	1204	912	629	1445
padmet/GCA_003481985.padmet	136	1070	760	485	1314
padmet/GCA_003459345.padmet	130	893	712	479	1085
padmet/GCA_003439635.padmet	207	1412	1038	750	1646
padmet/GCA_003435385.padmet	125	929	686	452	1131
padmet/GCA_003471715.padmet	385	2359	1853	1286	2501
padmet/GCA_003475425.padmet	168	1186	854	613	1430
padmet/GCA_003434475.padmet	148	1025	752	564	1230
padmet/GCA_003480125.padmet	146	1116	834	553	1330
padmet/GCA_003477655.padmet	128	1051	804	557	1297
padmet/GCA_003477465.padmet	165	1165	850	595	1475
padmet/GCA_003469565.padmet	131	957	686	387	1164
padmet/GCA_003473655.padmet	117	959	728	501	1193
padmet/GCA_003439215.padmet	151	1134	805	592	1371
padmet/GCA_003462225.padmet	165	1155	868	594	1373
padmet/GCA_003438645.padmet	219	1410	1041	768	1652
padmet/GCA_003462685.padmet	124	867	645	436	1082
padmet/GCA_003460925.padmet	123	941	687	504	1181
padmet/GCA_003603275.padmet	194	1369	1026	750	1632
padmet/GCA_003473695.padmet	161	1159	856	664	1359
padmet/GCA_003437325.padmet	125	789	621	422	937
padmet/GCA_003437755.padmet	130	836	658	419	1006
padmet/GCA_003472245.padmet	130	836	661	419	1005
padmet/GCA_003474615.padmet	149	1097	827	557	1342
padmet/GCA_003434055.padmet	211	1468	1081	903	1708
padmet/GCA_003433995.padmet	158	1158	848	547	1376
padmet/GCA_003435325.padmet	156	1189	881	598	1434
padmet/GCA_003465905.padmet	99	697	537	408	873
padmet/GCA_003466335.padmet	127	837	663	420	1010
padmet/GCA_003473285.padmet	196	1398	1039	707	1647
padmet/GCA_003470365.padmet	189	1309	972	634	1561
padmet/GCA_003478445.padmet	124	997	728	460	1257
padmet/GCA_003468415.padmet	125	803	635	427	961
padmet/GCA_003463615.padmet	94	636	461	295	827
padmet/GCA_003469145.padmet	130	835	661	415	1004
padmet/GCA_003464875.padmet	166	1169	856	623	1391
padmet/GCA_003463445.padmet	124	897	670	421	1111
padmet/GCA_003466985.padmet	137	1063	801	553	1304
padmet/GCA_003459925.padmet	148	1110	816	584	1348
padmet/GCA_003464295.padmet	111	927	691	433	1113
padmet/GCA_003461925.padmet	169	1193	886	660	1391
padmet/GCA_003470035.padmet	148	1136	863	616	1371
padmet/GCA_003463545.padmet	203	1434	1055	759	1677
padmet/GCA_003481145.padmet	131	848	631	457	1013
padmet/GCA_003465445.padmet	156	1121	795	548	1356
padmet/GCA_003438015.padmet	102	670	496	316	854
padmet/GCA_003466165.padmet	107	907	678	432	1101
padmet/GCA_003479705.padmet	190	1316	971	835	1553
padmet/GCA_003470505.padmet	472	2394	1744	1206	2510
padmet/GCA_003468975.padmet	206	1399	1051	824	1643
padmet/GCA_003457975.padmet	139	950	715	444	1113
padmet/GCA_003480365.padmet	141	1050	756	499	1266
padmet/GCA_003461045.padmet	114	955	730	492	1197
padmet/GCA_003464145.padmet	173	1240	921	642	1528
padmet/GCA_003439845.padmet	188	1296	936	667	1527
padmet/GCA_003472805.padmet	124	959	707	505	1181
padmet/GCA_003463505.padmet	131	827	652	435	994
padmet/GCA_003464625.padmet	198	1342	1002	695	1573
padmet/GCA_003473885.padmet	145	1035	777	553	1243
padmet/GCA_003471145.padmet	461	2347	1714	1154	2458
padmet/GCA_003464935.padmet	120	1021	744	456	1283
padmet/GCA_003474155.padmet	190	1238	843	650	1509
padmet/GCA_003459655.padmet	127	921	689	437	1165
padmet/GCA_003462385.padmet	166	1192	907	611	1429
padmet/GCA_003466785.padmet	217	1397	1036	727	1635
padmet/GCA_003471415.padmet	132	821	646	434	978
padmet/GCA_003460305.padmet	214	1379	1040	721	1626
padmet/GCA_003465635.padmet	136	915	699	454	1088
padmet/GCA_003459365.padmet	215	1396	1042	733	1633
padmet/GCA_003463855.padmet	178	1242	892	659	1489
padmet/GCA_003438995.padmet	183	1241	929	618	1474
padmet/GCA_003466845.padmet	128	1003	770	514	1219
padmet/GCA_003472155.padmet	141	1048	791	560	1265
padmet/GCA_003473805.padmet	120	789	574	442	1025
padmet/GCA_003437875.padmet	217	1405	1040	737	1635
padmet/GCA_003458715.padmet	108	739	546	419	958
padmet/GCA_003603545.padmet	189	1348	1019	719	1611
padmet/GCA_003463235.padmet	135	1028	776	570	1254
padmet/GCA_003471965.padmet	163	1182	878	580	1419
padmet/GCA_003603645.padmet	147	1062	766	526	1297
padmet/GCA_003480225.padmet	147	1140	854	595	1384
padmet/GCA_003602795.padmet	193	1369	1029	716	1630
padmet/GCA_003478085.padmet	175	1344	1021	829	1596
padmet/GCA_003458565.padmet	173	1223	926	624	1471
padmet/GCA_003459565.padmet	166	1144	855	614	1359
padmet/GCA_003603235.padmet	211	1388	1055	779	1623
padmet/GCA_003465565.padmet	148	1084	823	577	1330
padmet/GCA_003473025.padmet	131	812	638	424	968
padmet/GCA_003437495.padmet	209	1414	1066	741	1672
padmet/GCA_003438485.padmet	140	958	730	459	1147
padmet/GCA_003466705.padmet	126	1004	745	492	1245
padmet/GCA_003459585.padmet	193	1351	1006	690	1601
padmet/GCA_003478685.padmet	144	1122	832	555	1365
padmet/GCA_003468025.padmet	109	688	526	422	867
padmet/GCA_003465155.padmet	181	1241	905	602	1460
padmet/GCA_003475375.padmet	196	1399	1039	714	1647
padmet/GCA_003603055.padmet	194	1380	1024	716	1637
padmet/GCA_003468405.padmet	150	1108	839	582	1354
padmet/GCA_003604145.padmet	118	956	683	458	1162
padmet/GCA_003603895.padmet	175	1319	1014	807	1565
padmet/GCA_003479025.padmet	152	1145	857	643	1377
padmet/GCA_003477745.padmet	149	1152	854	549	1396
padmet/GCA_003464535.padmet	198	1337	1001	699	1567
padmet/GCA_003463885.padmet	190	1205	858	599	1481
padmet/GCA_003471745.padmet	203	1431	1047	777	1682
padmet/GCA_003457925.padmet	191	1338	1004	696	1590
padmet/GCA_003477585.padmet	161	1190	875	641	1420
padmet/GCA_003465215.padmet	154	1098	777	533	1323
padmet/GCA_003471095.padmet	458	2333	1665	1126	2427
padmet/GCA_003459535.padmet	215	1380	1020	709	1615
padmet/GCA_003465665.padmet	136	913	697	454	1085
padmet/GCA_003439165.padmet	123	884	575	410	1135
padmet/GCA_003462945.padmet	172	1232	886	602	1520
padmet/GCA_003478035.padmet	153	1098	800	565	1322
padmet/GCA_003474775.padmet	151	1135	853	584	1383
padmet/GCA_003467275.padmet	149	1102	837	572	1353
padmet/GCA_003480845.padmet	139	1107	836	611	1358
padmet/GCA_003470885.padmet	148	1109	836	606	1332
padmet/GCA_003467015.padmet	128	985	753	515	1190
padmet/GCA_003458685.padmet	122	871	640	424	1079
padmet/GCA_003465965.padmet	166	1190	907	510	1388
padmet/GCA_003603495.padmet	198	1390	1034	739	1638
padmet/GCA_003469405.padmet	185	1253	922	624	1467
padmet/GCA_003466395.padmet	125	804	637	427	967
padmet/GCA_003470645.padmet	209	1402	1052	828	1656
padmet/GCA_003465275.padmet	206	1406	1063	839	1650
padmet/GCA_003459795.padmet	102	676	553	393	846
padmet/GCA_003436085.padmet	196	1375	1040	772	1617
padmet/GCA_003437715.padmet	140	957	729	458	1146
padmet/GCA_003479155.padmet	144	1126	852	596	1374
padmet/GCA_003461025.padmet	165	1192	908	633	1432
padmet/GCA_003465385.padmet	132	818	642	437	973
padmet/GCA_003474525.padmet	98	676	491	310	868
padmet/GCA_003462885.padmet	130	838	662	419	999
padmet/GCA_003439255.padmet	168	1172	877	607	1394
padmet/GCA_003480625.padmet	115	909	661	432	1125
padmet/GCA_003490145.padmet	142	1072	792	549	1308
padmet/GCA_003470065.padmet	153	1120	846	596	1363
padmet/GCA_003465695.padmet	216	1403	1040	745	1650
padmet/GCA_003469265.padmet	111	934	695	431	1123
padmet/GCA_003475055.padmet	137	937	710	444	1120
padmet/GCA_003458475.padmet	171	1183	883	628	1399
padmet/GCA_003436455.padmet	129	907	674	435	1113
padmet/GCA_003472265.padmet	129	805	627	422	973
padmet/GCA_003465985.padmet	208	1397	1048	818	1645
padmet/GCA_003472815.padmet	128	880	709	472	1072
padmet/GCA_003470665.padmet	126	890	668	433	1108
padmet/GCA_003436575.padmet	125	789	623	428	941
padmet/GCA_003462755.padmet	156	1006	752	490	1225
padmet/GCA_003461205.padmet	167	1210	915	632	1451
padmet/GCA_003437625.padmet	117	899	645	389	1151
padmet/GCA_003466605.padmet	167	1183	866	601	1459
padmet/GCA_003467035.padmet	168	1241	923	688	1473
padmet/GCA_003435795.padmet	160	1135	841	643	1344
padmet/GCA_003474385.padmet	139	1021	717	445	1237
padmet/GCA_003438785.padmet	128	914	677	421	1121
padmet/GCA_003461825.padmet	155	1086	776	552	1310
padmet/GCA_003474845.padmet	217	1394	1035	732	1637
padmet/GCA_003460255.padmet	152	1118	845	582	1364
padmet/GCA_003473225.padmet	111	734	602	404	914
padmet/GCA_003478065.padmet	164	1194	889	693	1408
padmet/GCA_003480165.padmet	119	947	707	429	1159
padmet/GCA_003635445.padmet	195	1329	1002	759	1594
padmet/GCA_003462585.padmet	162	1111	817	562	1334
padmet/GCA_003465015.padmet	218	1411	1044	757	1646
padmet/GCA_003467465.padmet	215	1393	1040	724	1624
padmet/GCA_003479985.padmet	146	1145	843	550	1398
padmet/GCA_003434265.padmet	152	1101	845	505	1305
padmet/GCA_003464865.padmet	168	1201	905	694	1426
padmet/GCA_003469745.padmet	201	1394	1051	785	1645
padmet/GCA_003468905.padmet	222	1393	1033	753	1632
padmet/GCA_003460745.padmet	126	1002	722	438	1247
padmet/GCA_003434535.padmet	204	1399	1054	732	1648
padmet/GCA_003466285.padmet	202	1399	1051	957	1644
padmet/GCA_003463765.padmet	131	1049	762	496	1303
padmet/GCA_003462065.padmet	167	1210	915	633	1451
padmet/GCA_003459305.padmet	137	1001	691	455	1241
padmet/GCA_003475025.padmet	139	937	712	455	1113
padmet/GCA_003459705.padmet	169	1184	862	621	1405
padmet/GCA_003473955.padmet	180	1270	920	634	1536
padmet/GCA_003464225.padmet	106	692	525	417	869
padmet/GCA_003461085.padmet	132	1018	761	517	1213
padmet/GCA_003472925.padmet	180	1287	958	695	1555
padmet/GCA_003467325.padmet	162	1204	885	654	1426
padmet/GCA_003460865.padmet	116	954	728	503	1197
padmet/GCA_003434395.padmet	195	1345	1004	766	1559
padmet/GCA_003480255.padmet	117	933	700	467	1161
padmet/GCA_003603515.padmet	193	1379	1044	739	1640
padmet/GCA_003463225.padmet	217	1342	1008	820	1556
padmet/GCA_003438285.padmet	128	947	683	418	1185
padmet/GCA_003482385.padmet	125	1007	740	508	1272
padmet/GCA_003478275.padmet	109	782	613	421	975
padmet/GCA_003475865.padmet	140	945	720	451	1127
padmet/GCA_003474105.padmet	134	1001	697	420	1188
padmet/GCA_003461365.padmet	134	1025	764	517	1226
padmet/GCA_003473625.padmet	148	1092	812	616	1310
padmet/GCA_003437735.padmet	130	837	659	426	1008
padmet/GCA_003463145.padmet	161	1176	873	580	1411
padmet/GCA_003465045.padmet	153	1108	813	549	1335
padmet/GCA_003472095.padmet	131	842	676	422	1014
padmet/GCA_003479765.padmet	117	737	531	352	919
padmet/GCA_003458445.padmet	178	1259	922	576	1516
padmet/GCA_003480915.padmet	195	1301	972	736	1562
padmet/GCA_003437375.padmet	129	886	711	472	1078
padmet/GCA_003467735.padmet	166	1162	874	618	1388
padmet/GCA_003478235.padmet	124	961	698	463	1164
padmet/GCA_003471985.padmet	128	927	687	432	1154
padmet/GCA_003479045.padmet	116	959	731	512	1196
padmet/GCA_003602825.padmet	185	1287	914	686	1545
padmet/GCA_003468475.padmet	156	1119	842	608	1343
padmet/GCA_003475265.padmet	185	1256	943	678	1536
padmet/GCA_003481655.padmet	171	1176	871	681	1401
padmet/GCA_003433765.padmet	209	1468	1091	938	1731
padmet/GCA_003471045.padmet	173	1256	951	681	1513
padmet/GCA_003469205.padmet	124	790	643	428	989
padmet/GCA_003461125.padmet	138	1055	794	536	1268
padmet/GCA_003463265.padmet	99	671	488	307	860
padmet/GCA_003438175.padmet	152	1111	841	569	1355
padmet/GCA_003470945.padmet	129	921	676	431	1152
padmet/GCA_003471065.padmet	152	1097	782	547	1332
padmet/GCA_003459105.padmet	206	1393	1051	831	1638
padmet/GCA_003467755.padmet	132	820	641	429	980
padmet/GCA_003435115.padmet	145	1072	805	600	1280
padmet/GCA_003470805.padmet	169	1161	868	542	1422
padmet/GCA_003479485.padmet	115	949	728	505	1188
padmet/GCA_003458505.padmet	141	1040	803	463	1227
padmet/GCA_003436895.padmet	110	711	579	407	877
padmet/GCA_003480485.padmet	128	1019	702	421	1238
padmet/GCA_003463295.padmet	176	1217	911	606	1471
padmet/GCA_003467785.padmet	132	820	641	429	980
padmet/GCA_003458915.padmet	188	1296	960	628	1539
padmet/GCA_003436395.padmet	121	901	682	430	1134
padmet/GCA_003470545.padmet	107	685	507	334	871
padmet/GCA_003458635.padmet	161	1202	886	664	1427
padmet/GCA_003468205.padmet	127	871	700	462	1050
padmet/GCA_003467675.padmet	159	1179	877	652	1404
padmet/GCA_003436735.padmet	126	910	678	434	1131
padmet/GCA_003462905.padmet	141	1051	801	616	1270
padmet/GCA_003478965.padmet	147	1094	805	562	1315
padmet/GCA_003465235.padmet	163	1201	891	698	1422
padmet/GCA_003460245.padmet	453	2211	1448	929	2323
padmet/GCA_003437825.padmet	130	815	639	430	974
padmet/GCA_003479085.padmet	200	1339	1010	877	1587
padmet/GCA_003463775.padmet	160	1190	858	604	1446
padmet/GCA_003468235.padmet	190	1375	1035	898	1648
padmet/GCA_003471905.padmet	120	883	671	438	1118
padmet/GCA_003438385.padmet	137	931	705	448	1085
padmet/GCA_003466795.padmet	153	1133	863	587	1392
padmet/GCA_003460775.padmet	157	1183	865	581	1423
padmet/GCA_003470335.padmet	157	1123	846	633	1335
padmet/GCA_003435865.padmet	106	890	649	411	1094
padmet/GCA_003433985.padmet	163	1181	871	714	1392
padmet/GCA_003462695.padmet	123	923	686	432	1157
padmet/GCA_003472985.padmet	199	1321	978	681	1548
padmet/GCA_003474935.padmet	137	1032	777	538	1254
padmet/GCA_003436315.padmet	131	812	637	426	968
padmet/GCA_003463035.padmet	166	1202	904	635	1431
padmet/GCA_003462805.padmet	186	1266	932	635	1479
padmet/GCA_003463575.padmet	96	847	624	369	1069
padmet/GCA_003475275.padmet	163	1210	896	690	1433
padmet/GCA_003478265.padmet	152	1110	798	587	1312
padmet/GCA_003475585.padmet	468	2379	1725	1187	2486
padmet/GCA_003435855.padmet	130	977	681	470	1213
padmet/GCA_003472365.padmet	189	1228	909	541	1431
padmet/GCA_003602695.padmet	197	1393	1034	713	1646
padmet/GCA_003602755.padmet	197	1387	1040	749	1637
padmet/GCA_003464115.padmet	157	1104	797	566	1320
padmet/GCA_003468825.padmet	140	929	710	447	1089
padmet/GCA_003472885.padmet	134	951	639	437	1199
padmet/GCA_003471915.padmet	134	923	702	444	1089
padmet/GCA_003479325.padmet	137	1043	795	577	1259
padmet/GCA_003434075.padmet	190	1353	988	791	1602
padmet/GCA_003479125.padmet	128	1004	763	507	1210
padmet/GCA_003458765.padmet	152	1140	859	604	1380
padmet/GCA_003457915.padmet	101	769	523	345	1009
padmet/GCA_003479265.padmet	127	974	688	453	1184
padmet/GCA_003473145.padmet	125	803	636	432	967
padmet/GCA_003459645.padmet	142	1055	803	609	1276
padmet/GCA_003479405.padmet	125	982	748	487	1184
padmet/GCA_003460805.padmet	138	1047	791	534	1267
padmet/GCA_003469035.padmet	214	1385	1031	715	1639
padmet/GCA_003472575.padmet	131	814	638	424	966
padmet/GCA_003466325.padmet	192	1360	1022	721	1614
padmet/GCA_003468945.padmet	170	1200	905	673	1412
padmet/GCA_003436185.padmet	129	838	659	416	1000
padmet/GCA_003480145.padmet	145	1109	804	585	1356
padmet/GCA_003472785.padmet	128	880	708	471	1072
padmet/GCA_003473165.padmet	255	1654	1231	858	1854
padmet/GCA_003482185.padmet	160	1161	851	533	1378
padmet/GCA_003461105.padmet	138	1053	791	528	1266
padmet/GCA_003481065.padmet	147	1135	840	537	1395
padmet/GCA_003478325.padmet	143	1057	750	563	1278
padmet/GCA_003461325.padmet	124	941	703	488	1187
padmet/GCA_003468685.padmet	195	1301	941	674	1532
padmet/GCA_003461845.padmet	141	1072	797	590	1297
padmet/GCA_003478615.padmet	147	1146	843	542	1400
padmet/GCA_003458585.padmet	200	1385	1043	805	1595
padmet/GCA_003479545.padmet	117	957	729	496	1190
padmet/GCA_003435475.padmet	138	1064	819	582	1304
padmet/GCA_003459525.padmet	186	1259	948	672	1543
padmet/GCA_003481635.padmet	132	1042	783	526	1296
padmet/GCA_003457725.padmet	208	1400	1053	815	1648
padmet/GCA_003477965.padmet	117	958	727	501	1196
padmet/GCA_003481325.padmet	144	1114	823	538	1339
padmet/GCA_003477845.padmet	139	1078	801	523	1324
padmet/GCA_003475695.padmet	215	1398	1043	718	1641
padmet/GCA_003466805.padmet	173	1237	900	627	1491
padmet/GCA_003458385.padmet	217	1394	1031	767	1646
padmet/GCA_003435435.padmet	166	1200	908	611	1434
padmet/GCA_003464465.padmet	185	1247	914	643	1460
padmet/GCA_003463835.padmet	169	1169	833	556	1421
padmet/GCA_003465585.padmet	137	1054	795	536	1293
padmet/GCA_003468435.padmet	158	1122	819	537	1343
padmet/GCA_003438835.padmet	213	1378	1025	730	1622
padmet/GCA_003465525.padmet	161	1186	874	565	1409
padmet/GCA_003481105.padmet	150	1116	822	632	1338
padmet/GCA_003460155.padmet	149	1104	836	569	1346
padmet/GCA_003471345.padmet	143	942	714	456	1108
padmet/GCA_003478105.padmet	141	1054	800	579	1257
padmet/GCA_003464005.padmet	147	1094	802	429	1310
padmet/GCA_003438135.padmet	186	1288	954	652	1529
padmet/GCA_003469295.padmet	185	1247	929	618	1492
padmet/GCA_003480345.padmet	167	1228	894	665	1458
padmet/GCA_003468965.padmet	152	1128	856	584	1375
padmet/GCA_003477765.padmet	126	995	760	486	1211
padmet/GCA_003481175.padmet	125	1003	732	482	1257
padmet/GCA_003468605.padmet	206	1387	1055	717	1632
padmet/GCA_003462815.padmet	145	1011	717	495	1265
padmet/GCA_003435155.padmet	163	1160	859	618	1384
padmet/GCA_003471325.padmet	132	821	646	434	978
padmet/GCA_003436025.padmet	131	816	640	430	974
padmet/GCA_003464695.padmet	201	1369	1007	793	1588
padmet/GCA_003477565.padmet	144	1088	781	460	1360
padmet/GCA_003469895.padmet	109	700	568	404	862
padmet/GCA_003472865.padmet	192	1267	871	601	1513
padmet/GCA_003470025.padmet	196	1374	1036	782	1631
padmet/GCA_003480105.padmet	163	1167	860	606	1396
padmet/GCA_003478355.padmet	137	1070	784	540	1333
padmet/GCA_003474925.padmet	96	700	500	356	930
padmet/GCA_003467855.padmet	178	1326	942	737	1605
padmet/GCA_003603755.padmet	148	1061	775	546	1299
padmet/GCA_003461955.padmet	169	1193	886	660	1391
padmet/GCA_003438345.padmet	165	1158	866	541	1422
padmet/GCA_003475245.padmet	199	1376	1039	778	1639
padmet/GCA_003469095.padmet	149	1104	836	570	1346
padmet/GCA_003481995.padmet	136	1028	724	548	1285
padmet/GCA_003458265.padmet	214	1381	1027	716	1629
padmet/GCA_003460465.padmet	125	952	712	497	1189
padmet/GCA_003474645.padmet	207	1410	1060	839	1663
padmet/GCA_003473055.padmet	119	859	648	426	1065
padmet/GCA_003471645.padmet	187	1270	946	609	1527
padmet/GCA_003603595.padmet	151	1099	827	492	1305
padmet/GCA_003433845.padmet	150	1124	844	631	1329
padmet/GCA_003478995.padmet	132	1036	763	476	1231
padmet/GCA_003469305.padmet	202	1394	1040	731	1638
padmet/GCA_003471295.padmet	132	808	633	425	951
padmet/GCA_003602995.padmet	193	1353	1017	731	1615
padmet/GCA_003461605.padmet	147	1115	837	547	1331
padmet/GCA_003435925.padmet	120	954	668	469	1190
padmet/GCA_003464085.padmet	168	1186	831	587	1437
padmet/GCA_003469155.padmet	163	1212	888	656	1436
padmet/GCA_003475175.padmet	389	2379	1865	1297	2516
padmet/GCA_003461065.padmet	166	1194	906	621	1435
padmet/GCA_003466885.padmet	197	1363	1024	731	1616
padmet/GCA_003480905.padmet	143	1120	846	618	1370
padmet/GCA_003464265.padmet	130	892	716	473	1082
padmet/GCA_003474465.padmet	178	1255	913	667	1544
padmet/GCA_003463405.padmet	184	1256	926	637	1478
padmet/GCA_003434095.padmet	153	1122	852	516	1325
padmet/GCA_003481085.padmet	135	1049	781	554	1260
padmet/GCA_003464725.padmet	212	1404	1062	776	1644
padmet/GCA_003467445.padmet	170	1189	877	523	1389
padmet/GCA_003434465.padmet	342	2183	1757	1147	2341
padmet/GCA_003460375.padmet	464	2364	1726	1170	2482
padmet/GCA_003436075.padmet	161	1209	888	680	1433
padmet/GCA_003439005.padmet	189	1268	952	671	1549
padmet/GCA_003436775.padmet	123	914	706	437	1140
padmet/GCA_003434285.padmet	184	1221	947	633	1433
padmet/GCA_003439755.padmet	248	1683	1243	907	1878
padmet/GCA_003475165.padmet	193	1281	938	682	1521
padmet/GCA_003439405.padmet	469	2381	1725	1184	2490
padmet/GCA_003435975.padmet	135	1029	775	515	1270
padmet/GCA_003471595.padmet	125	789	621	425	937
padmet/GCA_003470745.padmet	208	1378	1036	739	1625
padmet/GCA_003603775.padmet	211	1370	1035	725	1602
padmet/GCA_003459895.padmet	103	677	554	396	846
padmet/GCA_003470375.padmet	182	1234	909	581	1424
padmet/GCA_003477535.padmet	161	1171	880	696	1355
padmet/GCA_003467705.padmet	138	1058	800	550	1296
padmet/GCA_003467805.padmet	161	1171	858	551	1392
padmet/GCA_003473115.padmet	131	813	639	425	969
padmet/GCA_003466445.padmet	109	733	600	404	915
padmet/GCA_003480435.padmet	150	1089	805	567	1312
padmet/GCA_003437255.padmet	391	2395	1875	1314	2532
padmet/GCA_003468525.padmet	137	1023	689	451	1245
padmet/GCA_003482095.padmet	137	1038	769	530	1286
padmet/GCA_003436655.padmet	125	806	637	429	968
padmet/GCA_003464045.padmet	137	1035	740	507	1290
padmet/GCA_003464845.padmet	116	771	622	405	922
padmet/GCA_003438565.padmet	121	794	625	422	928
padmet/GCA_003473585.padmet	143	1062	768	521	1285
padmet/GCA_003438075.padmet	119	965	700	465	1166
padmet/GCA_003463985.padmet	170	1225	884	573	1462
padmet/GCA_003433855.padmet	145	1149	827	537	1384
padmet/GCA_003471765.padmet	167	1092	816	495	1317
padmet/GCA_003478385.padmet	116	959	731	501	1201
padmet/GCA_003470405.padmet	148	1115	844	555	1370
padmet/GCA_003460645.padmet	127	964	664	394	1199
padmet/GCA_003602875.padmet	122	989	733	489	1204
padmet/GCA_003602705.padmet	199	1382	1049	789	1635
padmet/GCA_003604005.padmet	203	1376	1035	827	1622
padmet/GCA_003473415.padmet	129	915	637	415	1169
padmet/GCA_003471545.padmet	197	1385	1036	736	1634
padmet/GCA_003474555.padmet	150	1125	850	573	1371
padmet/GCA_003463485.padmet	169	1215	913	746	1452
padmet/GCA_003469115.padmet	184	1263	941	682	1534
padmet/GCA_003470615.padmet	125	789	621	424	937
padmet/GCA_003474285.padmet	195	1384	1044	789	1641
padmet/GCA_003604135.padmet	175	1319	1013	807	1565
padmet/GCA_003464325.padmet	130	832	667	417	997
padmet/GCA_003466745.padmet	153	1134	865	584	1393
padmet/GCA_003603825.padmet	210	1462	1087	946	1705
padmet/GCA_003604025.padmet	149	1010	730	569	1200
padmet/GCA_003480035.padmet	159	1134	818	593	1351
padmet/GCA_003434165.padmet	150	1132	835	530	1369
padmet/GCA_003438765.padmet	214	1385	1026	732	1626
padmet/GCA_003465455.padmet	134	932	712	474	1104
padmet/GCA_003467385.padmet	212	1494	1105	982	1750
padmet/GCA_003468155.padmet	206	1390	1047	805	1634
padmet/GCA_003464645.padmet	163	1201	891	696	1422
padmet/GCA_003472615.padmet	120	895	646	427	1128
padmet/GCA_003466225.padmet	111	930	690	439	1124
padmet/GCA_003458645.padmet	142	1064	819	468	1253
padmet/GCA_003437435.padmet	132	821	645	427	980
padmet/GCA_003471195.padmet	152	1096	781	542	1330
padmet/GCA_003602805.padmet	211	1377	1043	745	1620
padmet/GCA_003480725.padmet	143	1055	804	595	1271
padmet/GCA_003464805.padmet	140	941	718	441	1118
padmet/GCA_003434235.padmet	161	1236	899	635	1460
padmet/GCA_003435315.padmet	163	1164	865	619	1396
padmet/GCA_003459965.padmet	206	1403	1060	731	1661
padmet/GCA_003435835.padmet	166	1154	869	615	1371
padmet/GCA_003464175.padmet	128	981	736	481	1226
padmet/GCA_003438825.padmet	183	1250	946	688	1524
padmet/GCA_003437395.padmet	168	1169	871	595	1382
padmet/GCA_003464445.padmet	199	1371	1037	798	1622
padmet/GCA_003478205.padmet	123	996	701	479	1244
padmet/GCA_003464405.padmet	218	1409	1047	768	1650
padmet/GCA_003436715.padmet	157	1136	797	560	1377
padmet/GCA_003437155.padmet	131	816	640	432	974
padmet/GCA_003463005.padmet	138	1007	692	440	1261
padmet/GCA_003438425.padmet	187	1311	981	712	1551
padmet/GCA_003468385.padmet	129	805	623	416	958
padmet/GCA_003434605.padmet	211	1392	1059	777	1632
padmet/GCA_003472415.padmet	129	806	635	430	961
padmet/GCA_003461425.padmet	115	959	737	507	1211
padmet/GCA_003459865.padmet	102	695	496	313	877
padmet/GCA_003473495.padmet	169	1181	884	672	1392
padmet/GCA_003459765.padmet	196	1365	1033	764	1626
padmet/GCA_003635485.padmet	209	1398	1049	733	1650
padmet/GCA_003462125.padmet	167	1210	915	630	1451
padmet/GCA_003466725.padmet	100	873	647	393	1064
padmet/GCA_003461265.padmet	125	946	708	509	1183
padmet/GCA_003468755.padmet	199	1408	1044	715	1655
padmet/GCA_003434225.padmet	146	989	777	619	1179
padmet/GCA_003461165.padmet	124	947	707	489	1183
padmet/GCA_003603525.padmet	130	1025	759	485	1267
padmet/GCA_003474995.padmet	190	1275	936	679	1514
padmet/GCA_003479335.padmet	201	1373	1013	899	1619
padmet/GCA_003463605.padmet	193	1257	865	650	1516
padmet/GCA_003472255.padmet	469	2388	1743	1183	2502
padmet/GCA_003439315.padmet	179	1231	908	561	1424
padmet/GCA_003470905.padmet	174	1262	939	673	1501
padmet/GCA_003472125.padmet	216	1396	1041	740	1635
padmet/GCA_003478905.padmet	125	949	676	426	1207
padmet/GCA_003468325.padmet	190	1335	1002	693	1588
padmet/GCA_003462445.padmet	115	925	701	497	1149
padmet/GCA_003439345.padmet	124	977	736	481	1196
padmet/GCA_003435675.padmet	142	1118	847	583	1361
padmet/GCA_003469655.padmet	191	1323	988	729	1553
padmet/GCA_003465915.padmet	125	912	688	437	1134
padmet/GCA_003439475.padmet	382	2364	1853	1272	2512
padmet/GCA_003465625.padmet	193	1281	933	675	1522
padmet/GCA_003459465.padmet	201	1391	1045	815	1639
padmet/GCA_003477825.padmet	113	936	715	482	1167
padmet/GCA_003465785.padmet	137	934	707	449	1095
padmet/GCA_003435415.padmet	131	1016	730	495	1215
padmet/GCA_003458275.padmet	189	1278	936	663	1510
padmet/GCA_003435955.padmet	97	886	657	400	1100
padmet/GCA_003466265.padmet	168	1173	874	606	1402
padmet/GCA_003478455.padmet	127	940	710	454	1205
padmet/GCA_003467085.padmet	132	1070	783	499	1324
padmet/GCA_003436145.padmet	164	1165	883	634	1389
padmet/GCA_003479245.padmet	168	1209	885	699	1406
padmet/GCA_003472545.padmet	131	814	638	424	966
padmet/GCA_003471015.padmet	163	1144	854	621	1343
padmet/GCA_003436535.padmet	171	1173	855	629	1387
padmet/GCA_003474665.padmet	171	1224	906	692	1430
padmet/GCA_003435225.padmet	159	1180	854	572	1414
padmet/GCA_003468105.padmet	128	1003	770	517	1219
padmet/GCA_003470675.padmet	185	1258	949	675	1540
padmet/GCA_003480945.padmet	142	1056	757	512	1272
padmet/GCA_003437265.padmet	125	881	657	429	1101
padmet/GCA_003481115.padmet	115	956	728	497	1195
padmet/GCA_003477705.padmet	153	1126	842	561	1353
padmet/GCA_003464815.padmet	147	1114	830	618	1327
padmet/GCA_003472325.padmet	123	884	666	422	1095
padmet/GCA_003458395.padmet	191	1288	933	672	1529
padmet/GCA_003465305.padmet	217	1405	1042	747	1640
padmet/GCA_003463015.padmet	195	1365	1033	756	1621
padmet/GCA_003473725.padmet	150	1107	806	633	1320
padmet/GCA_003463285.padmet	139	950	719	440	1119
padmet/GCA_003478415.padmet	147	1137	845	531	1387
padmet/GCA_003475685.padmet	162	1177	882	569	1416
padmet/GCA_003460455.padmet	115	954	730	506	1193
padmet/GCA_003467005.padmet	199	1388	1041	796	1640
padmet/GCA_003478725.padmet	127	1024	712	451	1297
padmet/GCA_003477995.padmet	162	1146	844	558	1392
padmet/GCA_003465325.padmet	128	989	740	414	1175
padmet/GCA_003462545.padmet	137	1056	785	552	1261
padmet/GCA_003475135.padmet	218	1398	1039	749	1649
padmet/GCA_003603935.padmet	189	1367	1016	730	1621
padmet/GCA_003463715.padmet	184	1273	930	685	1562
padmet/GCA_003458945.padmet	183	1258	951	661	1536
padmet/GCA_003470725.padmet	193	1367	1017	720	1613
padmet/GCA_003458595.padmet	189	1305	967	626	1547
padmet/GCA_003436675.padmet	92	626	466	308	829
padmet/GCA_003470825.padmet	168	1160	863	612	1373
padmet/GCA_003635515.padmet	161	1145	828	563	1430
padmet/GCA_003481765.padmet	146	1134	809	548	1393
padmet/GCA_003471775.padmet	215	1380	1014	725	1609
padmet/GCA_003460685.padmet	136	1066	788	528	1312
padmet/GCA_003477645.padmet	127	987	706	430	1231
padmet/GCA_003477905.padmet	165	1156	867	664	1364
padmet/GCA_003473865.padmet	152	1091	804	559	1316
padmet/GCA_003471485.padmet	113	937	714	472	1171
padmet/GCA_003468725.padmet	157	1242	943	647	1505
padmet/GCA_003460385.padmet	151	1117	845	596	1361
padmet/GCA_003478225.padmet	126	970	695	458	1183
padmet/GCA_003465545.padmet	142	954	731	460	1133
padmet/GCA_003470965.padmet	461	2335	1691	1146	2449
padmet/GCA_003473975.padmet	159	1221	905	670	1494
padmet/GCA_003473085.padmet	216	1430	1062	760	1674
padmet/GCA_003469235.padmet	208	1398	1052	745	1654
padmet/GCA_003461495.padmet	115	964	731	507	1196
padmet/GCA_003603715.padmet	168	1162	840	621	1363
padmet/GCA_003463785.padmet	178	1171	813	602	1443
padmet/GCA_003466635.padmet	189	1300	952	633	1563
padmet/GCA_003437535.padmet	187	1297	963	630	1545
padmet/GCA_003458165.padmet	204	1451	1081	926	1714
padmet/GCA_003481285.padmet	148	1073	765	520	1278
padmet/GCA_003467165.padmet	187	1303	966	643	1552
padmet/GCA_003437645.padmet	204	1403	1057	965	1653
padmet/GCA_003436935.padmet	208	1397	1038	748	1635
padmet/GCA_003436835.padmet	125	924	690	471	1133
padmet/GCA_003475435.padmet	212	1382	1031	737	1616
padmet/GCA_003602895.padmet	198	1373	1032	724	1641
padmet/GCA_003437475.padmet	207	1395	1053	728	1644
padmet/GCA_003466045.padmet	137	934	707	448	1095
padmet/GCA_003470765.padmet	166	1107	813	594	1324
padmet/GCA_003438675.padmet	208	1392	1049	737	1638
padmet/GCA_003458335.padmet	143	944	714	449	1104
padmet/GCA_003458855.padmet	180	1239	939	592	1437
padmet/GCA_003435265.padmet	172	1285	971	789	1526
padmet/GCA_003478335.padmet	125	1005	735	467	1245
padmet/GCA_003439775.padmet	144	1124	839	609	1331
padmet/GCA_003473785.padmet	166	1179	881	678	1394
padmet/GCA_003436035.padmet	151	1117	850	568	1362
padmet/GCA_003603175.padmet	195	1379	1024	713	1624
padmet/GCA_003472145.padmet	206	1400	1054	821	1645
padmet/GCA_003437995.padmet	138	936	709	453	1100
padmet/GCA_003470125.padmet	132	808	633	424	956
padmet/GCA_003479915.padmet	152	1079	776	600	1315
padmet/GCA_003474435.padmet	145	1051	754	566	1278
padmet/GCA_003434175.padmet	151	1035	779	516	1228
padmet/GCA_003469345.padmet	138	1074	776	508	1351
padmet/GCA_003472605.padmet	140	947	722	449	1116
padmet/GCA_003479885.padmet	140	1066	767	553	1289
padmet/GCA_003481455.padmet	141	1119	852	630	1364
padmet/GCA_003465775.padmet	131	816	642	428	973
padmet/GCA_003475755.padmet	184	1251	961	606	1441
padmet/GCA_003461645.padmet	146	1098	803	524	1334
padmet/GCA_003438145.padmet	194	1391	1034	705	1645
padmet/GCA_003462205.padmet	123	941	702	486	1184
padmet/GCA_003438585.padmet	156	1095	758	551	1307
padmet/GCA_003603195.padmet	156	1163	876	709	1372
padmet/GCA_003466005.padmet	198	1374	1009	871	1614
padmet/GCA_003461245.padmet	173	1254	925	711	1490
padmet/GCA_003439545.padmet	464	2330	1680	1153	2445
padmet/GCA_003472345.padmet	125	803	636	432	967
padmet/GCA_003471865.padmet	345	2214	1772	1182	2382
padmet/GCA_003437565.padmet	124	901	675	431	1110
padmet/GCA_003471085.padmet	152	1096	781	538	1330
padmet/GCA_003462525.padmet	124	953	708	504	1191
padmet/GCA_003437695.padmet	139	932	711	445	1098
padmet/GCA_003433665.padmet	339	2180	1754	1139	2352
padmet/GCA_003603635.padmet	213	1375	1040	724	1613
padmet/GCA_003466185.padmet	149	1102	815	567	1325
padmet/GCA_003467285.padmet	202	1330	984	701	1566
padmet/GCA_003469585.padmet	170	1163	846	639	1372
padmet/GCA_003474415.padmet	138	1045	755	513	1265
padmet/GCA_003472045.padmet	206	1386	1055	707	1634
padmet/GCA_003472305.padmet	144	946	723	447	1116
padmet/GCA_003462235.padmet	165	1155	868	594	1373
padmet/GCA_003434445.padmet	162	1096	750	524	1365
padmet/GCA_003433695.padmet	148	1010	791	625	1200
padmet/GCA_003462745.padmet	195	1294	937	666	1524
padmet/GCA_003464505.padmet	165	1195	894	597	1436
padmet/GCA_003466585.padmet	119	1004	722	440	1267
padmet/GCA_003434525.padmet	150	1058	776	590	1259
padmet/GCA_003438985.padmet	194	1363	1020	710	1614
padmet/GCA_003464575.padmet	140	942	725	451	1125
padmet/GCA_003470145.padmet	123	915	672	429	1143
padmet/GCA_003459805.padmet	97	625	480	366	799
padmet/GCA_003471465.padmet	206	1432	1048	774	1673
padmet/GCA_003437175.padmet	124	801	632	429	957
padmet/GCA_003434705.padmet	127	1004	748	533	1204
padmet/GCA_003465925.padmet	169	1145	838	581	1390
padmet/GCA_003474825.padmet	155	1088	821	495	1249
padmet/GCA_003466365.padmet	125	804	637	426	967
padmet/GCA_003467175.padmet	166	1160	874	614	1391
padmet/GCA_003469285.padmet	127	923	696	433	1155
padmet/GCA_003471185.padmet	161	1166	876	624	1390
padmet/GCA_003436475.padmet	194	1373	1012	719	1624
padmet/GCA_003468295.padmet	211	1379	1027	704	1622
padmet/GCA_003479685.padmet	117	965	730	490	1208
padmet/GCA_003468465.padmet	160	1234	925	610	1509
padmet/GCA_003435535.padmet	153	1124	824	594	1349
padmet/GCA_003479465.padmet	144	1061	765	497	1283
padmet/GCA_003467405.padmet	169	1184	890	610	1400
padmet/GCA_003603295.padmet	159	1175	901	502	1375
padmet/GCA_003436285.padmet	208	1402	1041	752	1643
padmet/GCA_003461285.padmet	126	1007	761	499	1211
padmet/GCA_003481205.padmet	126	1012	739	478	1263
padmet/GCA_003463425.padmet	131	827	651	433	994
padmet/GCA_003469945.padmet	144	1051	730	561	1277
padmet/GCA_003439455.padmet	168	1168	872	607	1396
padmet/GCA_003471355.padmet	143	939	711	454	1104
padmet/GCA_003477405.padmet	118	917	684	451	1149
padmet/GCA_003478845.padmet	170	1163	873	717	1365
padmet/GCA_003460765.padmet	107	830	573	430	1062
padmet/GCA_003482245.padmet	126	993	701	488	1231
padmet/GCA_003457865.padmet	188	1299	964	635	1540
padmet/GCA_003468175.padmet	193	1287	941	681	1515
padmet/GCA_003465885.padmet	139	1047	796	459	1234
padmet/GCA_003479895.padmet	149	1108	803	619	1338
padmet/GCA_003438305.padmet	188	1263	945	630	1519
padmet/GCA_003479065.padmet	161	1166	873	673	1375
padmet/GCA_003474765.padmet	201	1382	1046	738	1624
padmet/GCA_003603255.padmet	155	1161	870	685	1376
padmet/GCA_003603955.padmet	190	1364	1021	730	1628
padmet/GCA_003475505.padmet	200	1384	1043	777	1640
padmet/GCA_003462845.padmet	119	859	649	424	1066
padmet/GCA_003474145.padmet	188	1270	902	607	1526
padmet/GCA_003470305.padmet	189	1284	922	653	1516
padmet/GCA_003468355.padmet	192	1282	938	687	1523
padmet/GCA_003473925.padmet	119	909	665	446	1098
padmet/GCA_003439285.padmet	211	1412	1055	737	1648
padmet/GCA_003635495.padmet	181	1225	885	630	1492
padmet/GCA_003468265.padmet	137	929	705	448	1088
padmet/GCA_003434335.padmet	147	1062	766	527	1297
padmet/GCA_003437075.padmet	131	815	639	431	967
padmet/GCA_003465265.padmet	204	1419	1048	745	1673
padmet/GCA_003469885.padmet	386	2382	1810	1266	2509
padmet/GCA_003479565.padmet	150	1106	811	581	1329
padmet/GCA_003464595.padmet	198	1390	1043	807	1641
padmet/GCA_003479935.padmet	129	984	696	475	1227
padmet/GCA_003460695.padmet	116	955	728	496	1193
padmet/GCA_003436875.padmet	208	1389	1040	721	1629
padmet/GCA_003464355.padmet	178	1254	927	705	1484
padmet/GCA_003475605.padmet	116	831	620	414	1015
padmet/GCA_003436345.padmet	151	1138	788	507	1431
padmet/GCA_003434585.padmet	151	1040	767	593	1258
padmet/GCA_003439055.padmet	201	1388	1057	849	1643
padmet/GCA_003480545.padmet	159	1124	834	592	1354
padmet/GCA_003603585.padmet	214	1399	1064	781	1640
padmet/GCA_003474705.padmet	161	1196	889	689	1425
padmet/GCA_003460125.padmet	218	1399	1038	737	1632
padmet/GCA_003478935.padmet	145	1069	761	510	1309
padmet/GCA_003468545.padmet	203	1313	944	668	1546
padmet/GCA_003473645.padmet	151	1090	776	547	1320
padmet/GCA_003435815.padmet	147	1046	779	566	1243
padmet/GCA_003475725.padmet	209	1399	1056	753	1648
padmet/GCA_003436255.padmet	197	1404	1044	755	1659
padmet/GCA_003435255.padmet	183	1321	967	700	1591
padmet/GCA_003459675.padmet	198	1349	1011	696	1579
padmet/GCA_003470105.padmet	209	1410	1066	761	1668
padmet/GCA_003466855.padmet	147	1097	808	481	1275
padmet/GCA_003475065.padmet	171	1168	849	645	1372
padmet/GCA_003435615.padmet	122	955	715	487	1190
padmet/GCA_003434385.padmet	150	1140	831	584	1371
padmet/GCA_003438895.padmet	209	1409	1046	750	1652
padmet/GCA_003435335.padmet	163	1161	860	616	1391
padmet/GCA_003458845.padmet	157	1121	815	545	1351
padmet/GCA_003604275.padmet	152	1139	847	595	1392
padmet/GCA_003480305.padmet	171	1188	875	697	1383
padmet/GCA_003481425.padmet	142	1113	841	578	1357
padmet/GCA_003465095.padmet	135	932	711	454	1106
padmet/GCA_003461565.padmet	129	1059	806	545	1304
padmet/GCA_003460105.padmet	164	1161	853	529	1401
padmet/GCA_003438095.padmet	202	1282	966	589	1474
padmet/GCA_003467265.padmet	142	1085	817	581	1324
padmet/GCA_003471795.padmet	155	1115	793	543	1353
padmet/GCA_003464035.padmet	151	1068	720	485	1330
padmet/GCA_003460445.padmet	107	909	678	431	1105
padmet/GCA_003472875.padmet	161	1175	836	551	1415
padmet/GCA_003459845.padmet	112	929	710	483	1158
padmet/GCA_003436995.padmet	137	882	695	459	1057
padmet/GCA_003434625.padmet	207	1396	1053	734	1642
padmet/GCA_003466025.padmet	202	1370	1019	803	1581
padmet/GCA_003437345.padmet	125	789	621	422	937
padmet/GCA_003472465.padmet	112	736	604	407	916
padmet/GCA_003479775.padmet	142	1055	805	606	1275
padmet/GCA_003459595.padmet	149	1104	836	571	1346
padmet/GCA_003462565.padmet	123	990	701	458	1197
padmet/GCA_003468145.padmet	211	1418	1060	750	1660
padmet/GCA_003468875.padmet	200	1389	1049	785	1639
padmet/GCA_003460065.padmet	161	1200	879	656	1409
padmet/GCA_003479505.padmet	136	1041	785	536	1251
padmet/GCA_003464755.padmet	463	2350	1693	1121	2445
padmet/GCA_003437885.padmet	163	1182	881	583	1420
padmet/GCA_003603455.padmet	183	1303	982	788	1547
padmet/GCA_003467505.padmet	197	1384	1022	715	1630
padmet/GCA_003474715.padmet	202	1378	1016	820	1588
padmet/GCA_003471555.padmet	125	789	621	425	937
padmet/GCA_003463665.padmet	126	957	707	409	1160
padmet/GCA_003435455.padmet	153	1169	856	609	1415
padmet/GCA_003474885.padmet	172	1222	912	687	1449
padmet/GCA_003466925.padmet	188	1267	932	635	1473
padmet/GCA_003438595.padmet	120	879	648	415	1102
padmet/GCA_003479665.padmet	144	1125	845	610	1376
padmet/GCA_003433865.padmet	150	1033	777	531	1229
padmet/GCA_003435545.padmet	128	991	694	478	1227
padmet/GCA_003457635.padmet	180	1236	904	567	1431
padmet/GCA_003466205.padmet	111	930	690	439	1124
padmet/GCA_003435045.padmet	207	1402	1052	943	1641
padmet/GCA_003464885.padmet	453	2262	1549	1020	2372
padmet/GCA_003473345.padmet	87	617	462	284	806
padmet/GCA_003463895.padmet	162	1168	825	531	1438
padmet/GCA_003470165.padmet	136	1029	791	448	1218
padmet/GCA_003460425.padmet	131	814	638	430	971
padmet/GCA_003481165.padmet	149	1161	863	533	1405
padmet/GCA_003462085.padmet	167	1210	915	631	1451
padmet/GCA_003469635.padmet	182	1249	939	654	1522
padmet/GCA_003475745.padmet	179	1252	892	607	1517
padmet/GCA_003469465.padmet	196	1363	1016	738	1602
padmet/GCA_003474405.padmet	174	1193	870	554	1395
padmet/GCA_003472225.padmet	215	1399	1043	721	1640
padmet/GCA_003438445.padmet	196	1371	1027	778	1644
padmet/GCA_003477605.padmet	137	1027	772	521	1264
padmet/GCA_003435375.padmet	157	1168	855	600	1405
padmet/GCA_003463065.padmet	159	1159	873	619	1383
padmet/GCA_003481335.padmet	147	1164	874	574	1399
padmet/GCA_003435735.padmet	164	1155	873	609	1375
padmet/GCA_003459785.padmet	104	678	557	396	848
padmet/GCA_003468635.padmet	170	1182	868	664	1411
padmet/GCA_003436725.padmet	135	1011	769	551	1221
padmet/GCA_003481835.padmet	158	1138	857	629	1344
padmet/GCA_003435895.padmet	192	1305	994	661	1567
padmet/GCA_003463315.padmet	193	1343	1014	717	1592
padmet/GCA_003480495.padmet	165	1209	895	682	1430
padmet/GCA_003603995.padmet	196	1388	1029	731	1633
padmet/GCA_003603015.padmet	190	1337	1007	723	1590
padmet/GCA_003465495.padmet	153	1104	785	537	1345
padmet/GCA_003463365.padmet	164	1178	833	599	1412
padmet/GCA_003462285.padmet	186	1300	989	654	1566
padmet/GCA_003439835.padmet	165	1229	854	632	1498
padmet/GCA_003439135.padmet	240	1682	1200	868	1894
padmet/GCA_003437415.padmet	218	1395	1040	758	1625
padmet/GCA_003480465.padmet	127	974	688	453	1184
padmet/GCA_003437195.padmet	202	1389	1012	660	1657
padmet/GCA_003603345.padmet	153	1161	833	533	1375
padmet/GCA_003477935.padmet	161	1147	849	637	1385
padmet/GCA_003474595.padmet	216	1399	1044	732	1638
padmet/GCA_003469025.padmet	196	1367	1019	742	1606
padmet/GCA_003436905.padmet	133	994	746	450	1198
padmet/GCA_003602965.padmet	191	1337	1007	718	1590
padmet/GCA_003436235.padmet	168	1172	873	596	1401
padmet/GCA_003465745.padmet	135	917	702	442	1087
padmet/GCA_003433685.padmet	154	1114	852	515	1320
padmet/GCA_003468585.padmet	152	1089	820	486	1296
padmet/GCA_003469855.padmet	190	1281	930	658	1514
padmet/GCA_003468005.padmet	137	928	701	436	1092
padmet/GCA_003480745.padmet	140	1050	777	527	1273
padmet/GCA_003439045.padmet	157	1134	788	569	1407
padmet/GCA_003478645.padmet	145	1064	766	508	1283
padmet/GCA_003434135.padmet	160	1161	845	541	1390
padmet/GCA_003467205.padmet	181	1242	906	628	1460
padmet/GCA_003473265.padmet	216	1400	1042	761	1632
padmet/GCA_003471285.padmet	216	1386	1031	735	1631
padmet/GCA_003603705.padmet	149	1055	772	589	1257
padmet/GCA_003474585.padmet	121	884	667	429	1096
padmet/GCA_003464745.padmet	205	1458	1085	940	1723
padmet/GCA_003460205.padmet	136	982	728	450	1167
padmet/GCA_003478605.padmet	169	1191	896	665	1405
padmet/GCA_003470495.padmet	190	1335	1012	719	1581
padmet/GCA_003469955.padmet	124	876	656	460	1060
padmet/GCA_003461765.padmet	138	1046	789	536	1262
padmet/GCA_003475665.padmet	128	918	694	443	1154
padmet/GCA_003466135.padmet	387	2372	1858	1296	2512
padmet/GCA_003461855.padmet	166	1200	912	629	1436
padmet/GCA_003480825.padmet	151	1110	823	632	1327
padmet/GCA_003470175.padmet	142	1044	793	593	1259
padmet/GCA_003471975.padmet	148	1126	847	576	1376
padmet/GCA_003473595.padmet	120	961	734	513	1190
padmet/GCA_003480615.padmet	140	1061	765	506	1279
padmet/GCA_003467575.padmet	207	1393	1051	738	1637
padmet/GCA_003478505.padmet	165	1184	882	619	1408
padmet/GCA_003463455.padmet	131	827	652	432	994
padmet/GCA_003468805.padmet	140	940	717	454	1114
padmet/GCA_003482005.padmet	150	1123	827	506	1375
padmet/GCA_003469985.padmet	124	876	656	461	1060
padmet/GCA_003481625.padmet	164	1172	866	674	1376
padmet/GCA_003467145.padmet	122	878	665	435	1093
padmet/GCA_003473815.padmet	119	787	572	433	1026
padmet/GCA_003477865.padmet	125	978	729	485	1226
padmet/GCA_003480855.padmet	141	1052	754	494	1271
padmet/GCA_003435125.padmet	154	1166	852	608	1410
padmet/GCA_003468915.padmet	207	1401	1048	738	1637
padmet/GCA_003462665.padmet	171	1203	917	656	1419
padmet/GCA_003474055.padmet	167	1220	890	607	1470
padmet/GCA_003467365.padmet	193	1300	966	693	1516
padmet/GCA_003470585.padmet	125	789	621	425	937
padmet/GCA_003481275.padmet	143	1128	848	586	1365
padmet/GCA_003463825.padmet	147	1062	767	429	1253
padmet/GCA_003437455.padmet	136	932	706	443	1095
padmet/GCA_003466065.padmet	124	889	669	449	1095
padmet/GCA_003479435.padmet	125	982	748	486	1184
padmet/GCA_003462725.padmet	168	1193	893	643	1423
padmet/GCA_003436375.padmet	198	1357	1027	733	1605
padmet/GCA_003470605.padmet	177	1149	842	521	1377
padmet/GCA_003466565.padmet	127	918	682	432	1139
padmet/GCA_003477505.padmet	132	992	725	495	1212
padmet/GCA_003463095.padmet	190	1274	906	667	1506
padmet/GCA_003603145.padmet	149	1053	767	542	1291
padmet/GCA_003470005.padmet	193	1299	951	675	1535
padmet/GCA_003464475.padmet	208	1401	1059	729	1653
padmet/GCA_003470425.padmet	172	1210	902	586	1459
padmet/GCA_003478825.padmet	136	951	701	475	1196
padmet/GCA_003473325.padmet	172	1225	903	688	1428
padmet/GCA_003481505.padmet	145	1116	828	518	1363
padmet/GCA_003472995.padmet	197	1382	1020	709	1629
padmet/GCA_003437975.padmet	127	946	690	376	1146
padmet/GCA_003480185.padmet	170	1199	890	717	1396
padmet/GCA_003458805.padmet	127	831	662	421	1007
padmet/GCA_003460545.padmet	124	937	683	493	1171
padmet/GCA_003471625.padmet	169	1166	847	627	1369
padmet/GCA_003474305.padmet	187	1270	947	627	1518
padmet/GCA_003459375.padmet	152	1125	812	577	1352
padmet/GCA_003459005.padmet	176	1221	890	615	1500
padmet/GCA_003460665.padmet	162	1136	807	590	1325
padmet/GCA_003460085.padmet	195	1388	1029	757	1647
padmet/GCA_003481245.padmet	139	1101	833	570	1343
padmet/GCA_003479825.padmet	177	1200	882	574	1415
padmet/GCA_003439395.padmet	198	1366	1025	793	1601
padmet/GCA_003437595.padmet	207	1486	1111	949	1763
padmet/GCA_003471445.padmet	141	1039	780	499	1250
padmet/GCA_003438665.padmet	194	1293	949	667	1528
padmet/GCA_003437135.padmet	137	933	712	447	1115
padmet/GCA_003472625.padmet	137	1015	764	534	1222
padmet/GCA_003460345.padmet	199	1317	979	691	1548
padmet/GCA_003434715.padmet	127	1004	748	535	1204
padmet/GCA_003473295.padmet	190	1246	914	635	1522
padmet/GCA_003435905.padmet	116	961	729	501	1198
padmet/GCA_003466245.padmet	196	1382	1028	716	1639
padmet/GCA_003465335.padmet	154	969	715	462	1214
padmet/GCA_003439865.padmet	206	1393	1049	819	1644
padmet/GCA_003467925.padmet	119	880	670	433	1108
padmet/GCA_003474245.padmet	198	1380	1040	785	1617
padmet/GCA_003462025.padmet	108	923	687	429	1110
padmet/GCA_003467095.padmet	193	1276	901	615	1517
padmet/GCA_003480405.padmet	120	955	732	511	1194
padmet/GCA_003482105.padmet	130	990	738	501	1200
padmet/GCA_003459205.padmet	150	1091	776	540	1326
padmet/GCA_003472685.padmet	132	816	639	432	970
padmet/GCA_003477805.padmet	115	955	728	499	1190
padmet/GCA_003481595.padmet	168	1238	915	722	1480
padmet/GCA_003480975.padmet	148	980	773	639	1162
padmet/GCA_003459445.padmet	142	1055	803	609	1275
padmet/GCA_003460135.padmet	129	941	705	438	1187
padmet/GCA_003602735.padmet	193	1377	1033	729	1624
padmet/GCA_003603315.padmet	194	1369	1026	751	1632
padmet/GCA_003462135.padmet	167	1210	915	631	1451
padmet/GCA_003480885.padmet	169	1178	887	696	1386
padmet/GCA_003602845.padmet	162	1209	869	579	1475
padmet/GCA_003462505.padmet	170	1179	896	641	1397
padmet/GCA_003465865.padmet	106	686	523	424	863
padmet/GCA_003464285.padmet	145	974	714	473	1186
padmet/GCA_003459405.padmet	93	819	579	345	1033
padmet/GCA_003472665.padmet	189	1306	968	646	1555
padmet/GCA_003434325.padmet	150	1070	773	568	1301
padmet/GCA_003458515.padmet	149	1114	845	578	1361
padmet/GCA_003439335.padmet	138	1027	774	572	1248
padmet/GCA_003473245.padmet	122	907	687	426	1138
padmet/GCA_003468345.padmet	217	1390	1036	756	1638
padmet/GCA_003466305.padmet	204	1398	1060	839	1641
padmet/GCA_003479425.padmet	161	1190	888	588	1435
padmet/GCA_003439795.padmet	469	2381	1725	1184	2490
padmet/GCA_003480585.padmet	116	957	729	511	1190
padmet/GCA_003475805.padmet	198	1397	1044	958	1649
padmet/GCA_003464415.padmet	463	2350	1693	1120	2445
padmet/GCA_003467625.padmet	171	1182	861	608	1396
padmet/GCA_003481585.padmet	115	950	680	439	1188
padmet/GCA_003469185.padmet	109	703	576	410	882
padmet/GCA_003436635.padmet	125	805	636	429	968
padmet/GCA_003464925.padmet	132	818	642	437	973
padmet/GCA_003471125.padmet	165	1194	887	672	1414
padmet/GCA_003439535.padmet	199	1398	1042	952	1654
padmet/GCA_003438055.padmet	185	1159	851	561	1400
padmet/GCA_003465485.padmet	123	890	668	432	1102
padmet/GCA_003458905.padmet	206	1398	1060	849	1641
padmet/GCA_003471885.padmet	192	1337	1008	716	1581
padmet/GCA_003462265.padmet	116	967	737	509	1205
padmet/GCA_003437055.padmet	98	705	542	377	931
padmet/GCA_003471825.padmet	212	1414	1063	737	1666
padmet/GCA_003471225.padmet	215	1386	1031	730	1631
padmet/GCA_003457595.padmet	164	1211	893	673	1434
padmet/GCA_003460365.padmet	468	2399	1786	1213	2501
padmet/GCA_003461145.padmet	165	1185	885	595	1426
padmet/GCA_003471005.padmet	167	1151	843	621	1368
padmet/GCA_003466735.padmet	157	1106	802	529	1322
padmet/GCA_003481705.padmet	144	1076	770	494	1283
padmet/GCA_003464525.padmet	194	1394	1035	751	1653
padmet/GCA_003472525.padmet	111	734	603	407	914
padmet/GCA_003462625.padmet	142	1068	798	541	1286
padmet/GCA_003466075.padmet	137	933	706	448	1094
padmet/GCA_003477775.padmet	155	1098	809	575	1321
padmet/GCA_003603005.padmet	151	1156	833	527	1368
padmet/GCA_003602905.padmet	151	1073	778	562	1304
padmet/GCA_003439505.padmet	210	1413	1055	739	1652
padmet/GCA_003478405.padmet	159	1148	834	570	1375
padmet/GCA_003463345.padmet	209	1383	1048	768	1624
padmet/GCA_003480605.padmet	168	1206	908	691	1422
padmet/GCA_003477715.padmet	143	1061	758	508	1273
padmet/GCA_003435775.padmet	148	1104	822	626	1328
padmet/GCA_003465005.padmet	174	1232	904	567	1422
padmet/GCA_003466465.padmet	212	1403	1063	796	1645
padmet/GCA_003470555.padmet	163	1181	875	663	1407
padmet/GCA_003435635.padmet	165	1171	888	604	1399
padmet/GCA_003473545.padmet	169	1274	930	655	1522
padmet/GCA_003438495.padmet	128	916	681	433	1134
padmet/GCA_003463185.padmet	141	1013	772	556	1199
padmet/GCA_003478665.padmet	143	1097	824	540	1311
padmet/GCA_003439605.padmet	215	1399	1038	734	1630
padmet/GCA_003475625.padmet	175	1218	878	604	1476
padmet/GCA_003479965.padmet	150	1109	793	612	1334
padmet/GCA_003475105.padmet	128	996	762	524	1208
padmet/GCA_003468085.padmet	125	906	684	434	1140
padmet/GCA_003469595.padmet	196	1370	1039	749	1638
padmet/GCA_003480505.padmet	165	1156	866	671	1370
padmet/GCA_003635375.padmet	205	1387	1049	711	1635
padmet/GCA_003480665.padmet	147	1136	840	544	1381
padmet/GCA_003481805.padmet	147	1089	808	630	1309
padmet/GCA_003468485.padmet	195	1275	889	630	1518
padmet/GCA_003471685.padmet	192	1277	984	666	1497
padmet/GCA_003438275.padmet	116	754	615	416	944
padmet/GCA_003464965.padmet	190	1276	924	671	1506
padmet/GCA_003457945.padmet	142	1051	799	610	1262
padmet/GCA_003473525.padmet	157	1108	806	575	1320
padmet/GCA_003465085.padmet	115	847	581	337	1094
padmet/GCA_003436275.padmet	124	911	683	432	1116
padmet/GCA_003478175.padmet	155	1160	830	525	1373
padmet/GCA_003477885.padmet	168	1220	921	665	1488
padmet/GCA_003435205.padmet	206	1389	1043	842	1634
padmet/GCA_003458755.padmet	171	1262	931	660	1525
padmet/GCA_003464025.padmet	150	1112	801	575	1353
padmet/GCA_003603465.padmet	120	996	740	464	1210
padmet/GCA_003480375.padmet	169	1175	878	668	1376
padmet/GCA_003471655.padmet	360	2262	1837	1208	2437
padmet/GCA_003435965.padmet	135	1034	760	503	1246
padmet/GCA_003436685.padmet	199	1384	1044	771	1633
padmet/GCA_003459015.padmet	204	1350	1022	778	1579
padmet/GCA_003439225.padmet	190	1340	1010	723	1596
padmet/GCA_003461985.padmet	108	923	687	432	1107
padmet/GCA_003480025.padmet	127	957	706	472	1155
padmet/GCA_003435745.padmet	145	1120	819	496	1378
padmet/GCA_003463945.padmet	176	1209	893	595	1503
padmet/GCA_003475365.padmet	179	1243	907	681	1469
padmet/GCA_003478745.padmet	112	935	718	489	1168
padmet/GCA_003467965.padmet	129	926	688	440	1146
padmet/GCA_003438885.padmet	153	1102	776	532	1337
padmet/GCA_003469775.padmet	205	1379	1043	718	1626
padmet/GCA_003475325.padmet	123	909	688	421	1140
padmet/GCA_003481355.padmet	147	1038	778	577	1247
padmet/GCA_003460515.padmet	117	976	738	508	1215
padmet/GCA_003477475.padmet	152	1137	822	580	1338
padmet/GCA_003458535.padmet	139	1099	831	595	1337
padmet/GCA_003461005.padmet	160	1165	876	575	1399
padmet/GCA_003457655.padmet	156	1112	788	540	1344
padmet/GCA_003474225.padmet	216	1393	1037	723	1632
padmet/GCA_003473185.padmet	165	1146	840	616	1361
padmet/GCA_003467395.padmet	136	919	700	447	1079
padmet/GCA_003462425.padmet	170	1206	893	681	1400
padmet/GCA_003435295.padmet	163	1161	860	621	1391
padmet/GCA_003437605.padmet	197	1393	1046	738	1648
padmet/GCA_003471165.padmet	171	1194	898	675	1408
padmet/GCA_003469705.padmet	206	1410	1042	752	1651
padmet/GCA_003468045.padmet	113	934	714	475	1166
padmet/GCA_003470975.padmet	139	1000	760	559	1189
padmet/GCA_003463745.padmet	186	1272	913	596	1524
padmet/GCA_003438705.padmet	212	1384	1030	726	1633
padmet/GCA_003464685.padmet	140	941	724	450	1124
padmet/GCA_003472765.padmet	171	1176	884	577	1433
padmet/GCA_003460985.padmet	125	959	718	502	1201
padmet/GCA_003462965.padmet	86	772	549	338	1021
padmet/GCA_003473935.padmet	118	930	622	391	1171
padmet/GCA_003480245.padmet	139	1101	842	578	1350
padmet/GCA_003470915.padmet	464	2342	1705	1140	2482
padmet/GCA_003437005.padmet	194	1365	1027	702	1628
padmet/GCA_003604075.padmet	212	1408	1060	762	1645
padmet/GCA_003467215.padmet	179	1239	944	594	1498
padmet/GCA_003479845.padmet	149	1179	876	538	1432
padmet/GCA_003439565.padmet	111	800	587	397	981
padmet/GCA_003469525.padmet	215	1391	1037	725	1634
padmet/GCA_003434615.padmet	209	1385	1054	779	1624
padmet/GCA_003469045.padmet	166	1143	854	616	1358
padmet/GCA_003463115.padmet	188	1323	987	745	1569
padmet/GCA_003469625.padmet	122	908	664	364	1092
padmet/GCA_003478705.padmet	147	1097	816	617	1322
padmet/GCA_003478575.padmet	150	1051	786	568	1254
padmet/GCA_003475515.padmet	165	1213	911	685	1450
padmet/GCA_003603135.padmet	129	1033	771	507	1240
padmet/GCA_003461745.padmet	115	965	738	508	1207
padmet/GCA_003475205.padmet	127	927	698	430	1164
padmet/GCA_003480775.padmet	155	1125	820	631	1341
padmet/GCA_003439595.padmet	216	1399	1038	734	1630
padmet/GCA_003475545.padmet	157	1124	843	621	1342
padmet/GCA_003438945.padmet	121	792	621	420	926
padmet/GCA_003478795.padmet	129	998	710	428	1277
padmet/GCA_003461905.padmet	115	930	704	493	1154
padmet/GCA_003475555.padmet	169	1177	875	611	1401
padmet/GCA_003474175.padmet	177	1167	814	554	1392
padmet/GCA_003478145.padmet	127	1029	726	439	1310
padmet/GCA_003460005.padmet	160	1114	847	608	1317
padmet/GCA_003463705.padmet	153	1194	880	710	1494
padmet/GCA_003469685.padmet	201	1369	1009	777	1587
padmet/GCA_003470285.padmet	165	1143	853	533	1404
padmet/GCA_003474315.padmet	257	1686	1259	839	1877
padmet/GCA_003434455.padmet	165	1192	869	673	1402
padmet/GCA_003436135.padmet	125	805	637	426	964
padmet/GCA_003467335.padmet	130	839	665	425	1008
padmet/GCA_003458215.padmet	210	1410	1043	751	1647
padmet/GCA_003468555.padmet	132	817	641	429	973
padmet/GCA_003478285.padmet	148	1170	838	566	1430
padmet/GCA_003469435.padmet	193	1351	1006	694	1601
padmet/GCA_003479725.padmet	150	1103	811	580	1328
padmet/GCA_003481395.padmet	113	945	671	431	1193
