genome	original	gbk_2pc100	gbk_5pc80	gbk_5pc100	gbk_10pc70	gbk_2pc100_degradation	gbk_5pc80_degradation	gbk_5pc100_degradation	gbk_10pc70_degradation
GCA_900319265	1947	1923	1841	1848	1763	1.2326656394453006	5.444273240883411	5.084745762711865	9.450436569080637
GCA_900315275	2068	2044	1921	1984	1788	1.160541586073501	7.108317214700194	4.061895551257253	13.539651837524177
GCA_900317245	2792	2742	2792	2680	2501	1.7908309455587392	0.0	4.011461318051576	10.422636103151863
GCA_900318585	2395	2316	2278	2300	2150	3.298538622129436	4.88517745302714	3.966597077244259	10.22964509394572
GCA_900317235	2265	2229	2167	2165	2265	1.5894039735099337	4.326710816777042	4.415011037527594	0.0
GCA_900322095	2788	2743	2700	2707	2788	1.6140602582496413	3.1563845050215207	2.9053084648493543	0.0
GCA_900318675	2943	2905	2745	2762	2666	1.291199456337071	6.727828746177369	6.150186884131839	9.412164458036019
GCA_900321825	2204	2164	2107	2086	2204	1.8148820326678767	4.4010889292196005	5.353901996370237	0.0
GCA_900319555	2189	2159	2082	2085	2189	1.3704888076747372	4.88807674737323	4.751027866605756	0.0
GCA_900316625	1721	1706	1721	1689	1721	0.8715862870424171	0.0	1.8593840790238232	0.0
GCA_900313975	2472	2437	2429	2398	2218	1.4158576051779936	1.7394822006472492	2.9935275080906147	10.275080906148867
GCA_900316795	2070	2071	2070	2069	1980	-0.04830917874396135	0.0	0.04830917874396135	4.3478260869565215
GCA_900314615	2317	2313	2120	2248	2072	0.17263703064307295	8.502373759171341	2.977988778593008	10.574018126888216
GCA_900319915	1376	1354	1376	1311	1376	1.5988372093023258	0.0	4.723837209302325	0.0
GCA_900319225	2062	2061	1882	1924	1885	0.04849660523763337	8.729388942774007	6.692531522793405	8.583899127061105
GCA_900319105	1959	1947	1574	1809	1616	0.6125574272588056	19.652884124553342	7.656967840735068	17.508933129147525
GCA_900314655	2934	2927	2910	2637	2716	0.23858214042263123	0.81799591002045	10.122699386503067	7.430129516019086
GCA_900317775	2295	2251	2126	2194	2090	1.9172113289760349	7.363834422657953	4.400871459694989	8.932461873638346
GCA_900315125	2121	2044	2049	2057	2121	3.6303630363036308	3.3946251768033946	3.0174446016030174	0.0
GCA_900321645	1073	1059	1022	992	966	1.30475302889096	4.753028890959925	7.548928238583411	9.972041006523765
GCA_900319275	2747	2704	2578	2442	2447	1.5653440116490718	6.152165999271933	11.103021477975973	10.921004732435383
GCA_900314025	2397	2369	2290	2253	2130	1.1681268251981645	4.463913224864414	6.007509386733417	11.13892365456821
GCA_900319245	2602	2587	2525	2575	2264	0.5764796310530361	2.959262106072252	1.037663335895465	12.99000768639508
GCA_900316495	2542	2492	2413	2396	2285	1.9669551534225018	5.0747442958300555	5.743509047993705	10.110149488591661
GCA_900314405	1479	1468	1399	1406	1479	0.7437457741717377	5.409060175794456	4.935767410412441	0.0
GCA_900319725	1523	1490	1433	1462	1523	2.1667760998030205	5.909389363099146	4.005252790544977	0.0
GCA_900319905	2429	2392	2356	2274	2429	1.5232606010703995	3.0053519967064632	6.381226842321944	0.0
GCA_900320105	2535	2455	2433	2406	2535	3.155818540433925	4.023668639053255	5.088757396449704	0.0
GCA_900315075	3580	3446	3419	3488	3580	3.7430167597765367	4.4972067039106145	2.569832402234637	0.0
GCA_900313195	1603	1561	1477	1527	1453	2.6200873362445414	7.860262008733625	4.741110417966313	9.357454772301933
GCA_900319565	2208	2170	2105	2115	2002	1.7210144927536233	4.664855072463768	4.211956521739131	9.329710144927535
GCA_900315785	1578	1577	1425	1482	1407	0.06337135614702154	9.695817490494296	6.083650190114068	10.836501901140684
GCA_900317705	1895	1857	1827	1833	1895	2.0052770448548816	3.5883905013192616	3.271767810026385	0.0
GCA_900319125	1952	1907	1952	1864	1772	2.305327868852459	0.0	4.508196721311475	9.221311475409836
GCA_900314195	2348	2285	2348	2292	2102	2.6831345826235093	0.0	2.385008517887564	10.477001703577512
GCA_900321405	2629	2577	2506	2500	2629	1.9779383796120198	4.678585013313047	4.906808672499049	0.0
GCA_900321635	1733	1711	1733	1645	1733	1.269474899019042	0.0	5.077899596076168	0.0
GCA_900321215	1667	1632	1559	1578	1520	2.099580083983203	6.47870425914817	5.338932213557288	8.818236352729453
GCA_900320065	1271	1195	1202	1176	1176	5.979543666404406	5.428796223446105	7.474429583005507	7.474429583005507
GCA_900319635	1934	1890	1934	1817	1864	2.2750775594622543	0.0	6.049638055842813	3.6194415718717683
GCA_900317585	2404	2317	2285	2202	2239	3.618968386023295	4.950083194675541	8.402662229617304	6.863560732113144
GCA_900316025	1838	1804	1717	1750	1610	1.8498367791077257	6.583242655059848	4.787812840043525	12.404787812840043
GCA_900317825	1753	1728	1606	1658	1753	1.426126640045636	8.38562464346834	5.419281232173416	0.0
GCA_900313235	2285	2252	2182	2155	2034	1.4442013129102844	4.50765864332604	5.689277899343545	10.98468271334792
GCA_900317145	1945	1916	1798	1818	1945	1.4910025706940875	7.557840616966581	6.529562982005141	0.0
GCA_900318315	2244	2188	2118	2131	2050	2.4955436720142603	5.614973262032086	5.0356506238859176	8.645276292335117
GCA_900316765	2826	2714	2705	2563	2623	3.9631988676574665	4.281670205237084	9.306440198159944	7.183297947629158
GCA_900318715	1631	1605	1566	1510	1631	1.594114040465972	3.9852851011649295	7.4187614960147155	0.0
GCA_900313715	1874	1830	1746	1779	1686	2.3479188900747063	6.830309498399147	5.069370330843117	10.032017075773746
GCA_900319975	1894	1866	1826	1810	1578	1.478352692713833	3.5902851108764517	4.435058078141499	16.68426610348469
GCA_900314785	1272	1255	1272	1236	1272	1.3364779874213837	0.0	2.8301886792452833	0.0
GCA_900313085	2113	2069	1999	2012	1918	2.0823473734027447	5.395172740179839	4.7799337434926645	9.228584950307619
GCA_900316545	1731	1701	1641	1627	1548	1.733102253032929	5.1993067590987865	6.008087810514154	10.571923743500866
GCA_900322015	2361	2305	2242	2250	2361	2.3718763235916986	5.040237187632359	4.701397712833545	0.0
GCA_900317285	1793	1784	1779	1773	1641	0.501952035694367	0.7808142777467931	1.1154489682097044	8.477412158393753
GCA_900319585	1757	1729	1715	1703	1757	1.593625498007968	2.3904382470119523	3.073420603301081	0.0
GCA_900321775	1917	1894	1917	1820	1917	1.1997913406364111	0.0	5.0599895670318205	0.0
GCA_900317725	2347	2302	2347	2244	2130	1.9173412867490414	0.0	4.388581167447806	9.245845760545377
GCA_900320855	1930	1881	1791	1837	1747	2.5388601036269427	7.2020725388601035	4.818652849740933	9.481865284974093
GCA_900315105	5273	5091	5004	4987	4922	3.4515456097098425	5.101460269296416	5.423857386686896	6.656552247297554
GCA_900316265	2400	2292	2258	2258	2211	4.5	5.916666666666667	5.916666666666667	7.875
GCA_900319335	1568	1553	1490	1517	1405	0.9566326530612245	4.974489795918367	3.2525510204081636	10.395408163265305
GCA_900315265	1938	1909	1810	1935	1846	1.4963880288957687	6.604747162022703	0.15479876160990713	4.747162022703819
GCA_900320985	2152	2116	2042	2048	2152	1.6728624535315983	5.111524163568773	4.83271375464684	0.0
GCA_900319965	1187	1166	1132	1108	1076	1.7691659646166806	4.633529907329402	6.655433866891322	9.351305812973884
GCA_900313845	2304	2267	2192	2199	2304	1.6059027777777777	4.861111111111112	4.557291666666666	0.0
GCA_900315795	1443	1387	1404	1365	1443	3.8808038808038807	2.7027027027027026	5.405405405405405	0.0
GCA_900322145	1699	1676	1581	1637	1504	1.353737492642731	6.945261918775751	3.6492054149499706	11.477339611536198
GCA_900320475	1718	1667	1718	1678	1577	2.9685681024447033	0.0	2.3282887077997674	8.20721769499418
GCA_900319095	2106	2055	2022	2027	1966	2.4216524216524213	3.9886039886039883	3.751187084520418	6.647673314339982
GCA_900315985	1714	1688	1604	1656	1579	1.5169194865810969	6.417736289381564	3.38389731621937	7.8763127187864646
GCA_900315725	2033	1995	1955	1908	2033	1.8691588785046727	3.8366945400885393	6.148548942449581	0.0
GCA_900321615	1974	1937	1893	1849	1802	1.8743667679837892	4.103343465045593	6.332320162107397	8.713272543059777
GCA_900315675	3335	3322	3251	3039	3062	0.38980509745127434	2.5187406296851576	8.875562218890556	8.185907046476762
GCA_900319955	1321	1279	1254	1292	1129	3.1794095382286147	5.071915215745648	2.195306585919758	14.53444360333081
GCA_900321915	2068	1998	1970	1964	2068	3.3849129593810443	4.738878143133462	5.029013539651837	0.0
GCA_900320335	2311	2287	2187	2186	2311	1.038511466897447	5.365642578970143	5.4089138900908695	0.0
GCA_900314725	1673	1669	1673	1618	1673	0.23909145248057379	0.0	3.2875074716078903	0.0
GCA_900316455	1970	1958	1943	1924	1792	0.6091370558375634	1.3705583756345179	2.33502538071066	9.035532994923857
GCA_900318425	2451	2416	2451	2302	2287	1.4279885760913913	0.0	6.079151366789066	6.691146470828234
GCA_900315535	2020	1991	2020	1968	1664	1.4356435643564358	0.0	2.5742574257425743	17.62376237623762
GCA_900316555	1804	1784	1759	1680	1635	1.1086474501108647	2.494456762749446	6.873614190687362	9.368070953436806
GCA_900318305	1961	1901	1842	1880	1842	3.0596634370219276	6.068332483426823	4.130545639979602	6.068332483426823
GCA_900317625	2068	2004	1934	1771	1591	3.0947775628626695	6.479690522243714	14.361702127659576	23.065764023210832
GCA_900316615	1612	1587	1612	1430	1612	1.5508684863523574	0.0	11.29032258064516	0.0
GCA_900316355	2503	2461	2287	2196	2287	1.6779864163004392	8.629644426687975	12.265281662005593	8.629644426687975
GCA_900319385	2155	2155	2009	2078	1846	0.0	6.7749419953596295	3.5730858468677495	14.338747099767982
GCA_900315235	1882	1812	1815	1838	1882	3.7194473963868226	3.5600425079702442	2.3379383634431457	0.0
GCA_900317555	2088	2078	2033	1932	2002	0.4789272030651341	2.6340996168582373	7.471264367816093	4.118773946360153
GCA_900320575	1483	1454	1483	1429	1483	1.9554956169925826	0.0	3.6412677006068783	0.0
GCA_900316835	2396	2321	2347	2348	2257	3.1302170283806343	2.0450751252086814	2.003338898163606	5.801335559265442
GCA_900318945	2352	2303	2178	2232	2039	2.083333333333333	7.3979591836734695	5.1020408163265305	13.3078231292517
GCA_900317385	1624	1606	1522	1573	1624	1.1083743842364533	6.280788177339902	3.140394088669951	0.0
GCA_900321145	1928	1891	1928	1841	1742	1.9190871369294606	0.0	4.512448132780083	9.647302904564317
GCA_900318725	1897	1894	1802	1846	1751	0.158144438587243	5.007907221929362	2.688455455983131	7.696362677912494
GCA_900315195	1980	1924	1857	1885	1771	2.8282828282828283	6.212121212121212	4.797979797979798	10.555555555555555
GCA_900321335	2009	1976	1879	1921	1763	1.642608262817322	6.470881035340965	4.380288700846193	12.244897959183673
GCA_900321575	1317	1287	1269	1267	1132	2.277904328018223	3.644646924829157	3.7965072133637054	14.047076689445708
GCA_900313275	2360	2324	2208	2223	2360	1.5254237288135595	6.440677966101695	5.805084745762712	0.0
GCA_900317185	1851	1807	1768	1752	1698	2.3770934629929767	4.484062668827661	5.348460291734198	8.26580226904376
GCA_900314105	2552	2506	2490	2403	2282	1.8025078369905956	2.4294670846394983	5.838557993730407	10.579937304075235
GCA_900318105	1333	1316	1204	1222	1221	1.275318829707427	9.67741935483871	8.32708177044261	8.402100525131283
GCA_900314495	2489	2469	2489	2363	2489	0.8035355564483728	0.0	5.062274005624749	0.0
GCA_900318485	2036	2003	1928	1939	1833	1.6208251473477406	5.304518664047151	4.764243614931238	9.970530451866406
GCA_900318705	3206	3145	3026	3057	3206	1.9026824703680598	5.6144728633811605	4.647535870243294	0.0
GCA_900313915	2262	2243	2262	2092	2009	0.8399646330680812	0.0	7.515473032714412	11.184792219274978
GCA_900314395	2043	2001	1826	1958	1898	2.0558002936857562	10.621634850709741	4.16054821341165	7.097405775819873
GCA_900318635	1669	1629	1572	1595	1669	2.396644697423607	5.811863391252247	4.433792690233672	0.0
GCA_900314945	2253	2221	2133	2046	2253	1.420328450954283	5.326231691078561	9.187749667110518	0.0
GCA_900315755	2275	2260	2212	2177	2083	0.6593406593406593	2.769230769230769	4.3076923076923075	8.43956043956044
GCA_900319345	2026	2015	2026	1925	1834	0.5429417571569595	0.0	4.985192497532083	9.47680157946693
GCA_900319045	1929	1904	1929	1891	1742	1.2960082944530846	0.0	1.9699326075686883	9.694142042509073
GCA_900316855	2337	2278	2218	2186	2107	2.5246041934103554	5.0919982884039365	6.46127513906718	9.841677364142063
GCA_900316305	2688	2646	2566	2590	2471	1.5625	4.538690476190476	3.6458333333333335	8.072916666666668
GCA_900316535	1810	1684	1747	1717	1810	6.961325966850829	3.4806629834254146	5.138121546961326	0.0
GCA_900316205	2506	2405	2440	2404	2506	4.030327214684756	2.6336791699920195	4.07023144453312	0.0
GCA_900314645	2709	2654	2442	2586	2491	2.0302694721299375	9.856035437430787	4.540420819490587	8.047249907715024
GCA_900318595	2274	2200	2141	2190	2070	3.2541776605101145	5.8487247141600704	3.6939313984168867	8.970976253298153
GCA_900318065	2540	2485	2540	2478	2342	2.1653543307086616	0.0	2.440944881889764	7.7952755905511815
GCA_900320615	1839	1803	1794	1765	1659	1.957585644371941	2.4469820554649266	4.023926046764546	9.787928221859707
GCA_900317255	1910	1870	1843	1759	1910	2.094240837696335	3.507853403141361	7.9057591623036645	0.0
GCA_900314845	2108	2014	2057	1749	1856	4.459203036053131	2.4193548387096775	17.0303605313093	11.954459203036052
GCA_900317075	1733	1715	1733	1649	1733	1.03866128101558	0.0	4.847085978072706	0.0
GCA_900313625	1348	1331	1348	1278	1216	1.261127596439169	0.0	5.192878338278932	9.792284866468842
GCA_900314035	1683	1658	1612	1599	1683	1.4854426619132501	4.21865715983363	4.991087344028521	0.0
GCA_900313645	1485	1442	1430	1408	1351	2.8956228956228958	3.7037037037037033	5.185185185185185	9.023569023569024
GCA_900319775	1805	1773	1677	1637	1554	1.772853185595568	7.091412742382272	9.307479224376731	13.905817174515237
GCA_900319305	2581	2553	2456	2370	2337	1.084850833010461	4.843084075939559	8.175125920185975	9.453700116234018
GCA_900315515	2266	2202	2180	2188	2266	2.824360105913504	3.795233892321271	3.442188879082083	0.0
GCA_900313385	1616	1582	1545	1545	1493	2.103960396039604	4.393564356435643	4.393564356435643	7.611386138613861
GCA_900315765	2989	2978	2875	2854	2620	0.36801605888256944	3.813984610237538	4.516560722649716	12.345265975242556
GCA_900313105	953	926	912	829	953	2.8331584470094437	4.3022035676810075	13.011542497376706	0.0
GCA_900318085	2689	2679	2510	2563	2436	0.3718854592785422	6.656749721085905	4.685756786909632	9.408702119747119
GCA_900321655	1819	1753	1743	1715	1693	3.628367234744365	4.1781198460692694	5.7174271577789995	6.926882902693787
GCA_900320515	1983	1963	1917	1916	1747	1.0085728693898133	3.3282904689863844	3.3787191124558746	11.901159858799797
GCA_900315185	2286	2270	2199	2129	1936	0.699912510936133	3.805774278215223	6.867891513560805	15.310586176727908
GCA_900318935	3409	3333	3242	3251	3409	2.2293927838075684	4.898797301261367	4.634790261073628	0.0
GCA_900317735	2869	2850	2710	2731	2577	0.6622516556291391	5.542000697107006	4.810038340885326	10.177762286510978
GCA_900320155	2145	2066	2055	2053	1858	3.682983682983683	4.195804195804196	4.2890442890442895	13.37995337995338
GCA_900321005	1845	1755	1754	1807	1769	4.878048780487805	4.932249322493225	2.059620596205962	4.119241192411924
GCA_900315385	1859	1788	1805	1725	1684	3.8192576654115116	2.9047875201721354	7.20817643894567	9.413663259817106
GCA_900313565	1830	1809	1750	1736	1647	1.1475409836065573	4.371584699453552	5.136612021857923	10.0
GCA_900317395	1942	1924	1845	1800	1783	0.9268795056642637	4.994850669412976	7.312049433573635	8.187435633367663
GCA_900319735	2293	2239	2168	2179	1990	2.3549934583515046	5.451373746184038	4.971652856519843	13.21412996075011
GCA_900322195	2136	2096	2056	1991	2136	1.8726591760299627	3.7453183520599254	6.788389513108614	0.0
GCA_900316075	2181	2136	1989	2105	1871	2.063273727647868	8.803301237964236	3.484640073360844	14.213663457129758
GCA_900314955	3209	3128	3042	3056	3209	2.5241508258024306	5.204113430975381	4.767840448737925	0.0
GCA_900315875	2063	2048	1949	1957	1870	0.7270964614638876	5.525933107125545	5.138148327678139	9.355307804168685
GCA_900318095	3688	3625	3504	3459	3688	1.7082429501084597	4.989154013015185	6.209327548806941	0.0
GCA_900317765	2681	2629	2681	2586	2421	1.939574785527788	0.0	3.543453935098843	9.697873927638941
GCA_900314535	2246	2140	2106	2067	2058	4.719501335707925	6.233303650934995	7.969723953695458	8.370436331255565
GCA_900318875	2570	2548	2426	2453	2570	0.8560311284046693	5.603112840466927	4.552529182879377	0.0
GCA_900318985	1682	1652	1602	1563	1558	1.78359096313912	4.756242568370987	7.074910820451843	7.37217598097503
GCA_900319135	1787	1764	1713	1668	1669	1.2870733072188025	4.141018466703973	6.659205372132066	6.603245663122552
GCA_900316655	2976	2925	2976	2755	2976	1.7137096774193548	0.0	7.426075268817205	0.0
GCA_900320605	1960	1906	1960	1899	1960	2.7551020408163267	0.0	3.1122448979591835	0.0
GCA_900321275	2389	2314	2389	2260	2062	3.1393888656341566	0.0	5.3997488488907495	13.687735454164923
GCA_900321345	1736	1692	1647	1661	1523	2.5345622119815667	5.126728110599078	4.320276497695852	12.26958525345622
GCA_900316785	2925	2874	2691	2841	2598	1.7435897435897436	8.0	2.871794871794872	11.179487179487179
GCA_900320995	1994	1960	1994	1884	1805	1.7051153460381143	0.0	5.516549648946841	9.478435305917753
GCA_900319315	2272	2257	2098	2168	1938	0.6602112676056338	7.658450704225352	4.577464788732395	14.700704225352112
GCA_900315445	2283	2222	2157	2198	2123	2.671922908453789	5.519053876478318	3.7231712658782308	7.0083223828296095
GCA_900321095	1965	1942	1836	1873	1965	1.1704834605597965	6.564885496183207	4.681933842239186	0.0
GCA_900314685	2072	2034	2072	1904	1805	1.833976833976834	0.0	8.108108108108109	12.886100386100384
GCA_900322215	1360	1341	1338	1223	1142	1.397058823529412	1.6176470588235297	10.073529411764707	16.029411764705884
GCA_900318905	1693	1664	1693	1558	1486	1.7129356172474897	0.0	7.974010632014177	12.226816302421737
GCA_900313315	1788	1764	1732	1717	1632	1.342281879194631	3.131991051454139	3.9709172259507834	8.724832214765101
GCA_900321435	2478	2420	2378	2373	2199	2.340597255851493	4.035512510088781	4.23728813559322	11.259079903147699
GCA_900317125	2507	2437	2397	2467	2304	2.792181890706023	4.387714399680894	1.5955325089748704	8.097327483047467
GCA_900320595	2002	1979	1820	1920	1760	1.1488511488511488	9.090909090909092	4.095904095904096	12.087912087912088
GCA_900317675	1894	1856	1806	1781	1894	2.0063357972544877	4.646251319957761	5.966209081309398	0.0
GCA_900314805	1900	1862	1825	1851	1751	2.0	3.9473684210526314	2.5789473684210527	7.842105263157895
GCA_900314015	1633	1599	1583	1523	1633	2.0820575627679117	3.061849357011635	6.736068585425597	0.0
GCA_900317065	1834	1808	1739	1782	1834	1.4176663031624863	5.179934569247546	2.8353326063249726	0.0
GCA_900314325	1428	1404	1351	1368	1428	1.680672268907563	5.392156862745098	4.201680672268908	0.0
GCA_900316805	2131	2105	2131	1993	1952	1.2200844673862037	0.0	6.475832942280619	8.399812294697325
GCA_900318885	2758	2741	2605	2674	2574	0.6163886874546773	5.547498187092096	3.0456852791878175	6.671501087744742
GCA_900314935	2623	2622	2551	2373	2298	0.03812428516965307	2.744948532215021	9.531071292413268	12.390392680137248
GCA_900321715	1706	1691	1696	1603	1576	0.8792497069167644	0.5861664712778429	6.0375146541617815	7.620164126611957
GCA_900313255	2008	1957	1931	1909	1785	2.539840637450199	3.8346613545816735	4.930278884462151	11.105577689243027
GCA_900313455	1959	1920	1959	1870	1715	1.9908116385911179	0.0	4.543134252169474	12.455334354262378
GCA_900313855	1817	1770	1726	1699	1652	2.5866813428728674	5.008255365987893	6.494221243808475	9.080902586681344
GCA_900317985	1763	1742	1619	1676	1632	1.191151446398185	8.167895632444697	4.934770277935337	7.430516165626773
GCA_900313695	1193	1169	1193	1149	1193	2.0117351215423303	0.0	3.6881810561609383	0.0
GCA_900313805	1630	1603	1630	1537	1492	1.6564417177914113	0.0	5.705521472392638	8.466257668711656
GCA_900319655	1495	1460	1422	1450	1338	2.341137123745819	4.882943143812709	3.0100334448160537	10.501672240802677
GCA_900317495	1891	1887	1891	1832	1786	0.21152829190904282	0.0	3.120042305658382	5.552617662612374
GCA_900313265	1803	1768	1718	1701	1803	1.9412090959511925	4.714364947310039	5.657237936772046	0.0
GCA_900313665	2145	2139	2069	2133	1995	0.27972027972027974	3.5431235431235435	0.5594405594405595	6.993006993006993
GCA_900318435	2138	2126	2138	2084	2138	0.5612722170252572	0.0	2.525724976613658	0.0
GCA_900314085	2045	1984	1988	1980	1884	2.9828850855745723	2.787286063569682	3.1784841075794623	7.872860635696821
GCA_900316225	1983	1904	1828	1896	1841	3.983862834089763	7.816439737771054	4.387291981845689	7.160867372667676
GCA_900314675	2110	2042	2020	2023	1826	3.2227488151658767	4.265402843601896	4.1232227488151665	13.459715639810426
GCA_900314735	1778	1765	1711	1690	1778	0.7311586051743533	3.768278965129359	4.949381327334083	0.0
GCA_900316115	2488	2455	2413	2377	2279	1.3263665594855305	3.014469453376206	4.461414790996784	8.40032154340836
GCA_900319785	1565	1542	1491	1494	1386	1.4696485623003195	4.728434504792332	4.536741214057508	11.437699680511182
GCA_900318965	1645	1607	1565	1592	1454	2.310030395136778	4.86322188449848	3.221884498480243	11.610942249240122
GCA_900322065	1748	1708	1655	1675	1574	2.2883295194508007	5.320366132723112	4.176201372997712	9.954233409610984
GCA_900316255	2443	2436	2413	2327	2291	0.28653295128939826	1.2279983626688498	4.748260335652886	6.2218583708555055
GCA_900321745	2029	1999	2029	1937	2029	1.4785608674223756	0.0	4.534253326761951	0.0
GCA_900321965	2356	2192	2206	2225	2164	6.960950764006792	6.36672325976231	5.560271646859083	8.149405772495756
GCA_900321065	1758	1713	1758	1670	1758	2.5597269624573378	0.0	5.005688282138794	0.0
GCA_900314835	1652	1632	1571	1587	1652	1.2106537530266344	4.903147699757869	3.9346246973365617	0.0
GCA_900316185	1908	1880	1843	1847	1908	1.4675052410901468	3.4067085953878404	3.19706498951782	0.0
GCA_900315245	2608	2608	2595	2598	2440	0.0	0.49846625766871167	0.3834355828220859	6.441717791411043
GCA_900318775	2180	2142	2095	2046	1850	1.743119266055046	3.89908256880734	6.146788990825688	15.137614678899084
GCA_900320795	2481	2446	2481	2347	2297	1.4107214832728738	0.0	5.401047964530431	7.416364369205965
GCA_900318805	1819	1760	1819	1718	1819	3.2435404068169325	0.0	5.552501374381529	0.0
GCA_900319085	2609	2569	2497	2506	2355	1.5331544653123803	4.292832502874664	3.947872748179379	9.735530854733614
GCA_900319325	1256	1222	1256	1187	1128	2.7070063694267517	0.0	5.493630573248407	10.191082802547772
GCA_900315845	1425	1424	1425	1425	1425	0.07017543859649122	0.0	0.0	0.0
GCA_900322045	1503	1483	1450	1434	1503	1.330671989354624	3.526280771789754	4.590818363273453	0.0
GCA_900317475	1927	1885	1818	1866	1927	2.179553710430721	5.656460819927348	3.1655422937208098	0.0
GCA_900317925	1861	1800	1861	1767	1649	3.277807630306287	0.0	5.051047823750672	11.391724879097259
GCA_900321815	2275	2226	2115	2178	2052	2.1538461538461537	7.032967032967033	4.263736263736264	9.802197802197803
GCA_900314145	2822	2758	2702	2690	2822	2.2678951098511693	4.252303330970943	4.677533664068037	0.0
GCA_900313555	1370	1354	1370	1299	1258	1.167883211678832	0.0	5.182481751824818	8.175182481751825
GCA_900319795	1711	1712	1654	1692	1586	-0.058445353594389245	3.331385154880187	1.1104617182933958	7.305669199298656
GCA_900318755	1899	1862	1899	1829	1899	1.9483938915218535	0.0	3.686150605581885	0.0
GCA_900320315	1861	1847	1818	1828	1861	0.7522837184309511	2.31058570660935	1.7732401934443847	0.0
GCA_900314425	1874	1820	1783	1813	1676	2.88153681963714	4.855923159018143	3.255069370330843	10.56563500533618
GCA_900319035	2146	2090	2009	1927	2146	2.60950605778192	6.383970177073625	10.205032618825722	0.0
GCA_900317435	2138	2089	2046	1993	1972	2.291861552853134	4.303086997193639	6.7820392890551915	7.764265668849392
GCA_900314155	2350	2319	2350	2219	2072	1.3191489361702127	0.0	5.574468085106383	11.829787234042554
GCA_900317905	1990	1951	1918	1943	1807	1.9597989949748744	3.618090452261306	2.3618090452261304	9.195979899497488
GCA_900314885	2419	2343	2393	2396	2419	3.141794129805705	1.0748243075651096	0.950806118230674	0.0
GCA_900320945	1616	1590	1527	1507	1433	1.608910891089109	5.507425742574258	6.7450495049504955	11.324257425742575
GCA_900313685	1985	1952	1880	1895	1809	1.6624685138539042	5.289672544080604	4.534005037783375	8.866498740554157
GCA_900322005	2085	2077	2041	1985	1887	0.38369304556354916	2.1103117505995206	4.796163069544365	9.496402877697841
GCA_900321025	1664	1641	1562	1594	1458	1.3822115384615383	6.129807692307692	4.206730769230769	12.379807692307693
GCA_900315495	2378	2288	2246	2306	2378	3.7846930193439863	5.550883095037848	3.027754415475189	0.0
GCA_900313755	2765	2737	2580	2720	2637	1.0126582278481013	6.6907775768535265	1.62748643761302	4.6292947558770345
GCA_900315615	1870	1817	1818	1753	1714	2.8342245989304815	2.7807486631016043	6.256684491978609	8.342245989304812
GCA_900321585	1488	1462	1424	1420	1367	1.747311827956989	4.301075268817205	4.56989247311828	8.131720430107526
GCA_900321085	1284	1273	1234	1150	1201	0.8566978193146416	3.894080996884735	10.43613707165109	6.46417445482866
GCA_900320035	1184	1144	1113	1114	1036	3.3783783783783785	5.996621621621621	5.912162162162162	12.5
GCA_900316295	2034	2003	1813	1937	1881	1.5240904621435596	10.865290068829891	4.768928220255654	7.52212389380531
GCA_900317365	2843	2798	2730	2738	2579	1.5828350334154064	3.974674639465353	3.693281744635948	9.285965529370383
GCA_900315955	2621	2571	2456	2546	2621	1.907668828691339	6.295307134681419	2.861503243037009	0.0
GCA_900322125	1578	1549	1489	1469	1578	1.837769328263625	5.640050697084917	6.907477820025348	0.0
GCA_900320125	2339	2281	2339	2294	2028	2.4796921761436512	0.0	1.923899102180419	13.296280461735785
GCA_900318465	3071	2987	2992	2823	2559	2.7352653858677956	2.5724519700423314	8.075545424943014	16.672093780527515
GCA_900315285	1948	1900	1770	1860	1710	2.4640657084188913	9.137577002053387	4.517453798767967	12.217659137577003
GCA_900316735	2612	2583	2543	2465	2612	1.110260336906585	2.641653905053599	5.627871362940275	0.0
GCA_900313655	1670	1635	1587	1609	1478	2.095808383233533	4.970059880239521	3.6526946107784433	11.497005988023952
GCA_900320195	1678	1631	1624	1593	1467	2.800953516090584	3.2181168057210967	5.065554231227652	12.574493444576879
GCA_900319835	2498	2452	2368	2347	2292	1.8414731785428344	5.204163330664532	6.044835868694956	8.246597277822259
GCA_900316695	1951	1918	1846	1859	1951	1.6914402870322913	5.381855458739109	4.715530497180933	0.0
GCA_900321555	2163	2120	2163	2054	1941	1.9879796578825704	0.0	5.039297272306982	10.263522884882107
GCA_900315645	1610	1575	1522	1451	1447	2.1739130434782608	5.46583850931677	9.875776397515528	10.124223602484472
GCA_900321505	2151	2115	2031	2037	1970	1.6736401673640167	5.578800557880056	5.299860529986053	8.414690841469085
GCA_900320835	2182	2140	2075	2081	2182	1.924839596700275	4.903758020164986	4.62878093492209	0.0
GCA_900317995	1879	1844	1810	1740	1691	1.8626929217668973	3.6721660457690266	7.397551889302821	10.005321979776477
GCA_900316335	2016	1966	2016	1905	2016	2.4801587301587302	0.0	5.5059523809523805	0.0
GCA_900319295	2260	2175	2189	2157	2260	3.761061946902655	3.1415929203539825	4.557522123893806	0.0
GCA_900318685	2959	2930	2812	2838	2959	0.9800608313619465	4.967894558972626	4.089219330855019	0.0
GCA_900313215	1925	1895	1925	1813	1703	1.5584415584415585	0.0	5.818181818181818	11.532467532467534
GCA_900313155	1091	1059	1036	1037	954	2.933088909257562	5.0412465627864345	4.949587534372136	12.557286892758937
GCA_900317455	1729	1705	1646	1652	1729	1.3880855986119145	4.8004626951995375	4.4534412955465585	0.0
GCA_900317115	2878	2854	2878	2798	2635	0.8339124391938846	0.0	2.779708130646282	8.443363446838081
GCA_900315035	2948	2923	2696	2780	2598	0.8480325644504748	8.548168249660787	5.698778833107191	11.87245590230665
GCA_900320805	2021	1997	1912	1860	1843	1.1875309252845125	5.393369619000494	7.966353290450272	8.807521029193468
GCA_900316145	2298	2261	2164	2166	2029	1.6100957354221062	5.831157528285465	5.7441253263707575	11.705831157528285
GCA_900316385	1707	1706	1621	1427	1575	0.05858230814294083	5.038078500292912	16.403046280023435	7.732864674868189
GCA_900320875	1738	1682	1642	1671	1479	3.222094361334868	5.523590333716916	3.855005753739931	14.902186421173763
GCA_900321265	1690	1662	1690	1558	1565	1.6568047337278107	0.0	7.8106508875739635	7.396449704142012
GCA_900314205	2123	2095	2123	1963	1937	1.31888836552049	0.0	7.536504945831371	8.761186999528968
GCA_900316415	2106	2058	2044	2050	2022	2.2792022792022792	2.9439696106362776	2.6590693257359925	3.9886039886039883
GCA_900318405	1833	1735	1736	1746	1721	5.346426623022368	5.291871249318058	4.746317512274959	6.110201854882706
GCA_900317835	2557	2516	2557	2379	2176	1.6034415330465388	0.0	6.961282753226437	14.90027375831052
GCA_900315635	2193	2182	2155	2128	2074	0.5015959872321021	1.7327861377108982	2.9639762881896945	5.426356589147287
GCA_900318735	2361	2299	2211	2207	2070	2.626005929690809	6.353240152477764	6.522659889877171	12.325285895806863
GCA_900314065	2506	2462	2506	2358	2283	1.7557861133280128	0.0	5.905826017557861	8.898643256185155
GCA_900318035	2078	2078	2078	1826	1832	0.0	0.0	12.127045235803656	11.838306063522618
GCA_900314545	2136	2104	2106	1980	1949	1.4981273408239701	1.4044943820224718	7.303370786516854	8.754681647940075
GCA_900320215	1960	1925	1863	1864	1773	1.7857142857142856	4.948979591836735	4.8979591836734695	9.540816326530614
GCA_900322165	1815	1793	1692	1716	1649	1.2121212121212122	6.776859504132231	5.454545454545454	9.146005509641872
GCA_900318515	2413	2369	2261	2310	2200	1.8234562784915043	6.299212598425196	4.268545379196022	8.827186075424782
GCA_900317855	1888	1868	1796	1625	1744	1.059322033898305	4.872881355932203	13.930084745762711	7.627118644067797
GCA_900316345	1937	1880	1878	1865	1670	2.942694889003614	3.0459473412493545	3.71708828084667	13.784202374806402
GCA_900316905	2619	2495	2619	2482	2353	4.7346315387552504	0.0	5.231004200076365	10.156548300878198
GCA_900318245	1973	1904	1889	1943	1779	3.4972123669538773	4.257475924987329	1.5205271160669032	9.83274201723264
GCA_900320715	2049	2008	2049	1938	1877	2.0009760858955588	0.0	5.417276720351391	8.39433870180576
GCA_900321325	2617	2588	2481	2534	2617	1.108139090561712	5.196790217806649	3.1715705005731754	0.0
GCA_900322055	1246	1203	1177	1176	1131	3.451043338683788	5.537720706260032	5.617977528089887	9.229534510433385
GCA_900314305	2181	2159	2052	2109	2181	1.008711600183402	5.914718019257221	3.3012379642365883	0.0
GCA_900316745	2287	2101	2250	2251	2060	8.132925229558372	1.6178399650196764	1.5741145605596851	9.925666812418015
GCA_900319605	2238	2175	2120	2141	2008	2.8150134048257374	5.272564789991064	4.334226988382484	10.277033065236818
GCA_900315315	3921	3826	3921	3670	3921	2.422851313440449	0.0	6.401428207090028	0.0
GCA_900317845	2059	1959	1945	1859	1949	4.856726566294318	5.536668285575522	9.713453132588636	5.342399222923749
GCA_900315835	2378	2224	2232	2344	2145	6.476030277544155	6.139613120269134	1.4297729184188395	9.798149705634987
GCA_900321955	1701	1661	1701	1569	1530	2.3515579071134627	0.0	7.760141093474426	10.052910052910052
GCA_900319705	2148	2096	2020	2068	2148	2.4208566108007448	5.95903165735568	3.7243947858473	0.0
GCA_900321135	1860	1828	1717	1807	1860	1.7204301075268817	7.688172043010753	2.849462365591398	0.0
GCA_900315485	2328	2322	2215	2207	2328	0.25773195876288657	4.853951890034365	5.197594501718213	0.0
GCA_900314345	2256	2201	2165	2138	2042	2.4379432624113475	4.033687943262412	5.2304964539007095	9.48581560283688
GCA_900317035	2345	2299	2218	2238	2345	1.9616204690831558	5.415778251599147	4.562899786780384	0.0
GCA_900313425	3159	3104	2980	2976	3159	1.741057296612852	5.666350110794555	5.7929724596391265	0.0
GCA_900317895	2530	2459	2405	2417	2293	2.806324110671937	4.940711462450593	4.466403162055336	9.367588932806324
GCA_900319755	1578	1548	1501	1461	1346	1.9011406844106464	4.879594423320659	7.41444866920152	14.702154626109
GCA_900313965	1800	1771	1641	1738	1561	1.6111111111111112	8.833333333333334	3.4444444444444446	13.277777777777777
GCA_900317715	2609	2538	2447	2453	2221	2.721349175929475	6.20927558451514	5.9793024147182825	14.871598313530088
GCA_900320845	1696	1639	1664	1651	1343	3.3608490566037736	1.8867924528301887	2.6533018867924527	20.81367924528302
GCA_900316405	2555	2494	2462	2282	2365	2.3874755381604698	3.639921722113503	10.684931506849315	7.436399217221135
GCA_900314975	2792	2659	2589	2691	2451	4.763610315186247	7.270773638968481	3.617478510028653	12.213467048710601
GCA_900320295	1934	1904	1826	1836	1757	1.5511892450879008	5.584281282316442	5.067218200620475	9.152016546018613
GCA_900316955	2471	2400	2368	2310	2471	2.8733306353702956	4.168352893565358	6.515580736543909	0.0
GCA_900316095	2381	2369	2244	2253	2381	0.503989920201596	5.753884922301554	5.375892482150357	0.0
GCA_900319285	2387	2330	2221	2257	2169	2.387934645999162	6.954335986594051	5.446166736489317	9.132802681189778
GCA_900313995	2186	2161	2034	2087	1987	1.1436413540713632	6.953339432753888	4.528819762122598	9.10338517840805
GCA_900319815	1934	1862	1769	1895	1729	3.722854188210962	8.531540847983454	2.016546018614271	10.599793174767322
GCA_900318375	3283	3215	3179	3129	3081	2.071276271702711	3.1678342978982634	4.690831556503198	6.152908924763936
GCA_900320735	875	875	837	759	797	0.0	4.3428571428571425	13.257142857142856	8.914285714285715
GCA_900319195	1686	1660	1600	1583	1686	1.542111506524318	5.100830367734282	6.109134045077106	0.0
GCA_900314965	2337	2317	2072	2298	1992	0.8557980316645273	11.339323919554985	1.6688061617458279	14.762516046213095
GCA_900316965	2038	1907	1932	2007	2038	6.427870461236507	5.20117762512267	1.521099116781158	0.0
GCA_900321855	1818	1782	1749	1725	1533	1.9801980198019802	3.7953795379537953	5.115511551155116	15.676567656765677
GCA_900318975	1116	1086	1063	1066	1009	2.6881720430107525	4.749103942652329	4.480286738351254	9.587813620071685
GCA_900314045	2420	2370	2311	2282	2420	2.066115702479339	4.5041322314049586	5.702479338842975	0.0
GCA_900321495	1944	1904	1836	1878	1715	2.05761316872428	5.555555555555555	3.3950617283950617	11.779835390946502
GCA_900316845	2025	1956	1952	1975	1877	3.4074074074074074	3.6049382716049383	2.4691358024691357	7.3086419753086425
GCA_900318845	1927	1897	1860	1839	1927	1.5568240788790866	3.476907109496627	4.566683964711987	0.0
GCA_900315115	2928	2836	2867	2739	2701	3.1420765027322406	2.083333333333333	6.454918032786885	7.752732240437159
GCA_900318415	1818	1788	1713	1754	1818	1.65016501650165	5.775577557755775	3.52035203520352	0.0
GCA_900316685	2584	2542	2452	2432	2357	1.6253869969040249	5.108359133126935	5.88235294117647	8.784829721362229
GCA_900314165	2466	2389	2338	2334	2300	3.1224655312246554	5.190592051905921	5.35279805352798	6.731549067315491
GCA_900313475	1798	1746	1722	1731	1590	2.8921023359288096	4.226918798665183	3.726362625139043	11.568409343715238
GCA_900315555	1665	1639	1613	1502	1665	1.5615615615615615	3.123123123123123	9.78978978978979	0.0
GCA_900317015	2353	2318	2259	2223	2087	1.4874628134296641	3.994900127496812	5.524861878453039	11.30471738206545
GCA_900315505	1892	1870	1719	1758	1672	1.1627906976744187	9.143763213530654	7.08245243128964	11.627906976744185
GCA_900314865	1239	1239	962	1121	1175	0.0	22.35673930589185	9.523809523809524	5.16545601291364
GCA_900317575	1240	1202	1199	1207	1090	3.064516129032258	3.306451612903226	2.661290322580645	12.096774193548388
GCA_900313485	1618	1604	1571	1582	1508	0.865265760197775	2.904820766378245	2.2249690976514214	6.798516687268233
GCA_900319515	2031	2003	1895	1920	2031	1.3786312161496799	6.696208764155588	5.465288035450517	0.0
GCA_900315345	2063	2031	1935	1991	1874	1.5511391177896268	6.204556471158507	3.49006301502666	9.161415414444983
GCA_900321755	1692	1662	1692	1593	1453	1.773049645390071	0.0	5.851063829787234	14.125295508274233
GCA_900314855	1651	1641	1535	1562	1651	0.6056935190793459	7.026044821320412	5.390672319806178	0.0
GCA_900313615	2353	2324	2353	2212	2119	1.2324691882702932	0.0	5.992350191245219	9.94475138121547
GCA_900314745	2105	2100	1879	1850	1880	0.23752969121140144	10.736342042755345	12.114014251781473	10.688836104513063
GCA_900318255	2693	2673	2652	2578	2693	0.7426661715558857	1.5224656516895656	4.270330486446342	0.0
GCA_900316395	1927	1903	1768	1804	1645	1.2454592631032693	8.251167618059158	6.382978723404255	14.634146341463413
GCA_900316485	1836	1801	1836	1656	1650	1.906318082788671	0.0	9.803921568627452	10.130718954248366
GCA_900320955	2216	2152	2080	2093	2013	2.888086642599278	6.137184115523466	5.550541516245487	9.160649819494585
GCA_900318275	1990	1981	1852	1895	1990	0.4522613065326633	6.934673366834171	4.773869346733668	0.0
GCA_900316995	1915	1905	1838	1890	1680	0.5221932114882507	4.02088772845953	1.3054830287206265	12.27154046997389
GCA_900314825	3095	2976	2923	2993	2778	3.8449111470113086	5.557350565428109	3.295638126009693	10.24232633279483
GCA_900313575	1385	1360	1297	1235	1249	1.8050541516245486	6.353790613718411	10.830324909747292	9.819494584837544
GCA_900317605	2017	1999	1887	1930	1829	0.8924144769459593	6.4452156668319285	4.313336638572137	9.32077342588002
GCA_900317785	2428	2428	2244	2218	2428	0.0	7.57825370675453	8.649093904448106	0.0
GCA_900316215	2338	2325	2297	2307	2338	0.5560307955517536	1.7536355859709154	1.3259195893926432	0.0
GCA_900321015	1905	1867	1823	1796	1706	1.9947506561679789	4.304461942257218	5.721784776902887	10.446194225721785
GCA_900316235	2181	2110	2109	2097	2122	3.255387436955525	3.3012379642365883	3.851444291609354	2.7051811095827603
GCA_900314215	2304	2254	2304	2143	2069	2.170138888888889	0.0	6.987847222222222	10.199652777777777
GCA_900318525	2581	2558	2581	2508	2336	0.8911274699728787	0.0	2.828361100348702	9.492444788841533
GCA_900319485	2190	2165	2100	2087	2190	1.141552511415525	4.10958904109589	4.703196347031963	0.0
GCA_900317135	1683	1668	1609	1630	1563	0.8912655971479502	4.396910279263221	3.1491384432560903	7.130124777183601
GCA_900319765	1711	1694	1613	1586	1576	0.9935710111046172	5.727644652250146	7.305669199298656	7.8901227352425485
GCA_900320085	2488	2401	2488	2384	2488	3.4967845659163985	0.0	4.180064308681672	0.0
GCA_900316245	1909	1882	1869	1771	1807	1.4143530644316398	2.095337873232059	7.228915662650602	5.34311157674175
GCA_900321865	963	945	930	934	865	1.8691588785046727	3.4267912772585665	3.011422637590862	10.176531671858775
GCA_900317465	2701	2701	2651	2583	2424	0.0	1.8511662347278788	4.368752313957793	10.255460940392446
GCA_900315145	2328	2285	2191	2164	2328	1.8470790378006874	5.88487972508591	7.0446735395189	0.0
GCA_900316585	2573	2568	2573	2491	2384	0.194325689856199	0.0	3.1869413136416633	7.345511076564322
GCA_900318655	2985	2929	2854	2884	2763	1.8760469011725294	4.388609715242882	3.38358458961474	7.4371859296482405
GCA_900321535	1227	1196	1164	1164	1093	2.526487367563162	5.134474327628362	5.134474327628362	10.920945395273025
GCA_900315695	2808	2769	2728	2723	2588	1.3888888888888888	2.849002849002849	3.027065527065527	7.834757834757834
GCA_900319395	2192	2160	2074	2081	2192	1.4598540145985401	5.383211678832116	5.063868613138686	0.0
GCA_900316635	1696	1671	1696	1612	1519	1.474056603773585	0.0	4.952830188679245	10.43632075471698
GCA_900317165	1512	1497	1474	1467	1512	0.992063492063492	2.513227513227513	2.976190476190476	0.0
GCA_900321365	1788	1743	1694	1697	1590	2.5167785234899327	5.257270693512305	5.089485458612975	11.073825503355705
GCA_900313985	2199	2171	2199	2077	1981	1.2733060482037288	0.0	5.547976352887677	9.913597089586174
GCA_900314515	2836	2807	2480	2704	2412	1.0225669957686883	12.552891396332862	4.65444287729196	14.950634696755994
GCA_900320725	1888	1841	1805	1788	1684	2.489406779661017	4.396186440677966	5.296610169491525	10.805084745762713
GCA_900315655	2208	2173	1994	2085	2208	1.585144927536232	9.692028985507246	5.570652173913043	0.0
GCA_900319525	2706	2670	2607	2325	2706	1.3303769401330376	3.6585365853658534	14.079822616407982	0.0
GCA_900314695	2177	2152	1940	2090	1882	1.148369315571888	10.886541111621497	3.99632521819017	13.550757923748277
GCA_900317225	2144	2103	2045	2048	1949	1.912313432835821	4.617537313432836	4.477611940298507	9.095149253731345
GCA_900318865	2103	1953	2014	1874	1851	7.132667617689016	4.232049453162149	10.889205896338563	11.982881597717546
GCA_900313745	2142	2087	2048	2048	1923	2.567693744164332	4.3884220354808585	4.3884220354808585	10.224089635854341
GCA_900314895	2041	2008	1961	1940	2041	1.6168544830965212	3.9196472317491424	4.948554630083293	0.0
GCA_900313125	1441	1407	1386	1368	1288	2.359472588480222	3.816793893129771	5.065926439972242	10.617626648161
GCA_900319645	2171	2164	2171	2130	2171	0.32243205895900506	0.0	1.8885306310456014	0.0
GCA_900317915	1694	1662	1694	1630	1694	1.8890200708382525	0.0	3.778040141676505	0.0
GCA_900318825	1848	1835	1767	1816	1717	0.7034632034632035	4.383116883116883	1.7316017316017316	7.088744588744589
GCA_900313515	1831	1784	1732	1736	1831	2.5669033315128345	5.406881485527035	5.188421627525942	0.0
GCA_900313925	1831	1788	1761	1699	1650	2.3484434735117423	3.823047515019115	7.209175314036045	9.885308574549427
GCA_900320485	2947	2904	2803	2825	2642	1.4591109602986088	4.886325076348829	4.139803189684424	10.349507974211063
GCA_900319165	2605	2572	2494	2522	2176	1.2667946257197698	4.2610364683301345	3.1861804222648753	16.468330134357007
GCA_900317515	2391	2368	2166	2364	2178	0.9619406106231703	9.410288582183187	1.1292346298619824	8.90840652446675
GCA_900321415	2113	2060	1943	2052	1879	2.5082820634169427	8.045433033601515	2.8868906767628966	11.074301940369145
GCA_900317945	2465	2442	2388	2329	2189	0.9330628803245435	3.123732251521298	5.517241379310345	11.196754563894523
GCA_900317745	2161	2141	2077	2043	2024	0.9254974548819991	3.8870893105043964	5.460434983803795	6.339657565941693
GCA_900320205	2074	2019	2074	1946	2074	2.651880424300868	0.0	6.171648987463838	0.0
GCA_900313175	1493	1451	1422	1444	1493	2.813127930341594	4.755525787006029	3.2819825853985263	0.0
GCA_900315855	1764	1724	1706	1670	1764	2.2675736961451247	3.2879818594104306	5.328798185941043	0.0
GCA_900313505	1534	1516	1473	1473	1534	1.1734028683181226	3.9765319426336374	3.9765319426336374	0.0
GCA_900315595	2189	2183	2019	1997	2189	0.27409776153494747	7.766103243490178	8.771128369118319	0.0
GCA_900316285	2923	2803	2780	2759	2734	4.1053711939787885	4.8922340061580565	5.610673965104345	6.465959630516592
GCA_900315455	3882	3656	3882	3793	3882	5.821741370427615	0.0	2.2926326635754766	0.0
GCA_900319745	2406	2369	2282	2289	2406	1.5378221113881962	5.15378221113882	4.86284289276808	0.0
GCA_900317525	1773	1729	1762	1675	1608	2.481669486745629	0.6204173716864072	5.527354765933446	9.30626057529611
GCA_900316325	2382	2341	2304	2286	2153	1.7212426532325777	3.27455919395466	4.030226700251889	9.613769941225861
GCA_900318075	1200	1188	1170	1144	1200	1.0	2.5	4.666666666666667	0.0
GCA_900319505	1533	1498	1424	1441	1533	2.28310502283105	7.110241356816699	6.001304631441617	0.0
GCA_900315215	1651	1651	1632	1629	1651	0.0	1.150817686250757	1.3325257419745609	0.0
GCA_900313865	1451	1426	1379	1342	1294	1.722949689869056	4.962095106822881	7.512060647829083	10.82012405237767
GCA_900320425	1184	1156	1121	1103	1184	2.364864864864865	5.320945945945946	6.841216216216216	0.0
GCA_900318795	2358	2307	2215	2196	2358	2.1628498727735366	6.064461407972859	6.870229007633588	0.0
GCA_900314455	1998	1970	1952	1890	1701	1.4014014014014013	2.3023023023023024	5.405405405405405	14.864864864864865
GCA_900316435	2043	1991	1921	1961	2043	2.5452765540871267	5.97161037689672	4.013705335291238	0.0
GCA_900321125	2166	2134	2058	2055	1956	1.477377654662973	4.986149584487535	5.124653739612189	9.695290858725762
GCA_900320635	1724	1679	1610	1625	1565	2.6102088167053363	6.612529002320186	5.74245939675174	9.222737819025523
GCA_900318195	2883	2851	2883	2758	2650	1.1099549080818591	0.0	4.335761359694763	8.081859174471036
GCA_900320925	1628	1596	1545	1552	1481	1.9656019656019657	5.098280098280098	4.668304668304668	9.02948402948403
GCA_900320675	1605	1526	1477	1505	1413	4.922118380062305	7.975077881619938	6.230529595015576	11.962616822429908
GCA_900313295	1381	1358	1381	1324	1236	1.66545981173063	0.0	4.127443881245474	10.499637943519188
GCA_900321225	1909	1879	1909	1816	1909	1.5715034049240442	0.0	4.871660555264536	0.0
GCA_900316125	1812	1734	1812	1722	1812	4.304635761589404	0.0	4.966887417218543	0.0
GCA_900321725	2102	2090	1911	1968	1778	0.570884871550904	9.086584205518554	6.374881065651761	15.413891531874405
GCA_900318475	2326	2230	2266	2253	2040	4.12725709372313	2.5795356835769563	3.1384350816852966	12.29578675838349
GCA_900320415	1498	1472	1410	1433	1498	1.7356475300400533	5.874499332443257	4.339118825100133	0.0
GCA_900317445	2262	2190	2148	2140	2032	3.183023872679045	5.039787798408488	5.393457117595048	10.167992926613616
GCA_900321595	1922	1891	1922	1826	1743	1.6129032258064515	0.0	4.994797086368366	9.31321540062435
GCA_900319055	2105	2083	2105	2013	2105	1.0451306413301662	0.0	4.370546318289787	0.0
GCA_900317155	3127	2984	2917	3071	2758	4.573073233130796	6.715701950751519	1.7908538535337384	11.800447713463383
GCA_900315085	1775	1754	1775	1725	1557	1.1830985915492958	0.0	2.8169014084507045	12.281690140845072
GCA_900316915	1867	1832	1771	1719	1748	1.8746652383502946	5.141938939475094	7.927155865024103	6.373861810391002
GCA_900321185	820	791	762	774	820	3.536585365853658	7.073170731707316	5.609756097560976	0.0
GCA_900317205	1812	1772	1744	1749	1812	2.207505518763797	3.7527593818984544	3.47682119205298	0.0
GCA_900320895	1613	1591	1513	1531	1613	1.3639181649101055	6.199628022318661	5.083694978301303	0.0
GCA_900313795	1519	1491	1519	1439	1385	1.8433179723502304	0.0	5.266622778143516	8.821593153390388
GCA_900320565	2151	2134	2070	2077	2151	0.7903300790330079	3.765690376569038	3.4402603440260346	0.0
GCA_900315225	4558	4462	4371	4381	4095	2.106186924089513	4.102676612549364	3.8832821412900396	10.157964019306712
GCA_900316645	2477	2461	2335	2386	2190	0.6459426725878078	5.732741219216794	3.673798950343157	11.586596689543804
GCA_900313895	1928	1886	1847	1822	1738	2.1784232365145226	4.2012448132780085	5.4979253112033195	9.854771784232366
GCA_900316475	2790	2752	2646	2704	2621	1.3620071684587813	5.161290322580645	3.0824372759856633	6.057347670250897
GCA_900315805	1815	1782	1779	1762	1638	1.8181818181818181	1.9834710743801653	2.9201101928374653	9.75206611570248
GCA_900319945	1767	1737	1694	1650	1767	1.697792869269949	4.13129598189021	6.621392190152801	0.0
GCA_900316705	1777	1736	1689	1654	1777	2.3072594259988746	4.952166572875633	6.921778277996624	0.0
GCA_900321165	1784	1784	1681	1727	1676	0.0	5.773542600896861	3.195067264573991	6.053811659192825
GCA_900319545	2156	2134	2037	2016	2156	1.0204081632653061	5.51948051948052	6.493506493506493	0.0
GCA_900318325	1935	1878	1882	1820	1753	2.945736434108527	2.739018087855297	5.943152454780361	9.405684754521964
GCA_900313465	1149	1112	1091	1076	1033	3.2201914708442123	5.047867711053089	6.353350739773717	10.095735422106179
GCA_900315425	1883	1880	1568	1850	1481	0.15932023366967604	16.728624535315987	1.7525225703664364	21.34891131173659
GCA_900314355	2007	1997	1952	1975	1844	0.4982561036372696	2.7404085700049827	1.5944195316392624	8.121574489287493
GCA_900316195	2096	2087	1832	1975	1806	0.42938931297709926	12.595419847328243	5.772900763358779	13.835877862595419
GCA_900321475	1742	1708	1653	1639	1742	1.951779563719862	5.109070034443168	5.912743972445465	0.0
GCA_900315325	2661	2644	2595	2637	2503	0.6388575723412251	2.480270574971815	0.9019165727170236	5.937617437053739
GCA_900315915	2773	2721	2629	2632	2560	1.875225387666787	5.192931842769564	5.084745762711865	7.681211684096646
GCA_900321305	1565	1539	1453	1479	1565	1.6613418530351438	7.156549520766774	5.49520766773163	0.0
GCA_900319155	1755	1728	1755	1708	1535	1.5384615384615385	0.0	2.678062678062678	12.535612535612536
GCA_900313185	1239	1222	1139	1186	1107	1.3720742534301855	8.071025020177562	4.277643260694108	10.653753026634384
GCA_900316515	2098	2053	2098	2048	1743	2.144899904671115	0.0	2.3832221163012393	16.920877025738797
GCA_900317055	2955	2944	2955	2888	2955	0.3722504230118443	0.0	2.267343485617597	0.0
GCA_900313145	1851	1799	1748	1776	1722	2.8092922744462454	5.564559697460832	4.051863857374392	6.9692058346839545
GCA_900320005	2512	2460	2386	2380	2512	2.0700636942675157	5.015923566878981	5.254777070063694	0.0
GCA_900320375	2274	2266	2152	2195	2274	0.3518029903254178	5.364995602462621	3.4740545294635004	0.0
GCA_900320775	1986	1809	1986	1812	1986	8.91238670694864	0.0	8.761329305135952	0.0
GCA_900322075	3580	3515	3412	3400	3258	1.8156424581005588	4.692737430167598	5.027932960893855	8.994413407821229
GCA_900316885	2610	2540	2425	2454	2315	2.681992337164751	7.088122605363985	5.977011494252873	11.302681992337165
GCA_900317865	2078	2051	1986	1975	1973	1.2993262752646775	4.427333974975938	4.956689124157844	5.0529355149181905
GCA_900315335	1884	1851	1884	1784	1884	1.7515923566878981	0.0	5.3078556263269645	0.0
GCA_900318055	1305	1279	1248	1244	1223	1.992337164750958	4.3678160919540225	4.674329501915709	6.283524904214559
GCA_900317795	2648	2581	2464	2513	2412	2.5302114803625377	6.948640483383686	5.098187311178248	8.91238670694864
GCA_900314475	1607	1577	1526	1555	1607	1.8668326073428747	5.040448039825762	3.2358431860609835	0.0
GCA_900320345	2485	2409	2381	2406	2165	3.058350100603622	4.185110663983903	3.1790744466800804	12.877263581488934
GCA_900320705	2179	2142	2129	2064	1943	1.698026617714548	2.2946305644791187	5.277650298301973	10.83065626434144
GCA_900320265	2052	1999	1957	1967	1815	2.582846003898635	4.62962962962963	4.1423001949317735	11.549707602339181
GCA_900315055	2771	2726	2636	2648	2409	1.623962468422952	4.871887405268856	4.4388307470227355	13.063875857091304
GCA_900316045	2210	2192	2069	2121	2210	0.8144796380090499	6.380090497737556	4.027149321266968	0.0
GCA_900320665	1852	1794	1671	1795	1667	3.131749460043196	9.773218142548597	3.077753779697624	9.989200863930886
GCA_900320445	2123	2093	2005	1952	2123	1.4130946773433821	5.558172397550636	8.054639660857276	0.0
GCA_900313945	2185	2166	2105	2095	2185	0.8695652173913043	3.6613272311212817	4.118993135011442	0.0
GCA_900319925	2568	2542	2400	2486	2568	1.0124610591900312	6.5420560747663545	3.1931464174454827	0.0
GCA_900315435	2629	2571	2457	2441	2386	2.206162038798022	6.542411563332065	7.151007987828072	9.243058197033092
GCA_900316665	1900	1888	1827	1872	1691	0.631578947368421	3.8421052631578947	1.4736842105263157	11.0
GCA_900320825	2672	2620	2546	2547	2672	1.9461077844311379	4.715568862275449	4.67814371257485	0.0
GCA_900314335	2139	2111	2013	1976	1928	1.3090229079008884	5.890603085553997	7.620383356708742	9.86442262739598
GCA_900319695	2502	2481	2228	2372	2270	0.8393285371702638	10.951239008792966	5.1958433253397285	9.272581934452438
GCA_900322035	2475	2359	2369	2055	2281	4.686868686868687	4.282828282828283	16.969696969696972	7.838383838383839
GCA_900321785	2201	2176	2088	2075	1952	1.1358473421172195	5.134029986369832	5.724670604270786	11.313039527487506
GCA_900321605	2014	1948	1974	1976	1874	3.277060575968222	1.9860973187686197	1.8867924528301887	6.951340615690168
GCA_900320645	1768	1717	1665	1674	1598	2.8846153846153846	5.82579185520362	5.316742081447964	9.615384615384617
GCA_900321465	2755	2684	2755	2668	2755	2.577132486388385	0.0	3.1578947368421053	0.0
GCA_900320365	2341	2287	2237	2181	2185	2.3067065356685177	4.442545920546775	6.834686031610423	6.663818880820162
GCA_900314055	2011	1976	1923	1905	1800	1.74042764793635	4.375932371954252	5.271009448035803	10.492292391844853
GCA_900317295	1448	1400	1320	1394	1448	3.314917127071823	8.83977900552486	3.7292817679558015	0.0
GCA_900315095	2817	2659	2817	2717	2469	5.608803691870785	0.0	3.549875754348598	12.35356762513312
GCA_900313225	2233	2189	2136	2125	2037	1.9704433497536946	4.343931930138827	4.83654276757725	8.77742946708464
GCA_900319575	1924	1885	1852	1822	1780	2.027027027027027	3.7422037422037424	5.301455301455301	7.484407484407485
GCA_900314385	1967	1895	1856	1858	1792	3.6603965429588206	5.643111337061515	5.541433655312659	8.896797153024911
GCA_900313635	1795	1744	1717	1687	1581	2.841225626740947	4.345403899721449	6.016713091922005	11.92200557103064
GCA_900318555	2726	2636	2726	2630	2506	3.301540719002201	0.0	3.521643433602348	8.070432868672047
GCA_900320695	2355	2314	2355	2290	2024	1.7409766454352442	0.0	2.7600849256900215	14.0552016985138
GCA_900319175	2742	2713	2742	2670	2742	1.0576221735959153	0.0	2.62582056892779	0.0
GCA_900322085	1937	1859	1848	1762	1937	4.026845637583892	4.594734124935467	9.034589571502323	0.0
GCA_900318925	2978	2863	2842	2855	2683	3.8616521155137673	4.5668233713901945	4.130288784419074	9.905977165883142
GCA_900320385	1533	1455	1474	1425	1391	5.088062622309197	3.8486627527723414	7.045009784735812	9.262883235485974
GCA_900315395	2144	2121	2068	2056	1850	1.0727611940298507	3.544776119402985	4.104477611940299	13.712686567164178
GCA_900317665	2221	2212	2221	2109	2221	0.40522287257991896	0.0	5.042773525438991	0.0
GCA_900319995	2235	2171	2144	2104	2235	2.8635346756152127	4.0715883668903805	5.861297539149888	0.0
GCA_900317375	2745	2719	2600	2484	2304	0.9471766848816029	5.2823315118397085	9.508196721311474	16.065573770491802
GCA_900321765	1745	1668	1745	1644	1569	4.412607449856734	0.0	5.787965616045845	10.085959885386819
GCA_900319855	1758	1755	1639	1705	1505	0.17064846416382254	6.769055745164961	3.0147895335608648	14.391353811149033
GCA_900314765	2015	1969	1960	1960	1863	2.28287841191067	2.729528535980149	2.729528535980149	7.543424317617867
GCA_900317635	1923	1885	1840	1763	1614	1.9760790431617263	4.316172646905876	8.320332813312532	16.06864274570983
GCA_900317195	2633	2633	2573	2462	2633	0.0	2.278769464489176	6.494492973794151	0.0
GCA_900313595	2535	2488	2423	2429	2300	1.854043392504931	4.418145956607495	4.181459566074951	9.270216962524655
GCA_900317405	2176	2169	2176	2066	2176	0.3216911764705882	0.0	5.05514705882353	0.0
GCA_900320135	1597	1544	1524	1503	1469	3.3187226048841576	4.571070757670633	5.886036318096431	8.015028177833438
GCA_900315905	2856	2802	2856	2752	2856	1.8907563025210083	0.0	3.6414565826330536	0.0
GCA_900314245	2159	2105	2038	1954	1978	2.5011579434923576	5.604446503010653	9.495136637332099	8.383510884668828
GCA_900321665	1564	1536	1482	1472	1419	1.7902813299232736	5.242966751918159	5.88235294117647	9.271099744245523
GCA_900317085	1776	1723	1776	1747	1776	2.9842342342342345	0.0	1.6328828828828827	0.0
GCA_900321155	2032	1996	1889	1942	1791	1.7716535433070866	7.03740157480315	4.429133858267717	11.86023622047244
GCA_900321675	1895	1854	1895	1837	1784	2.163588390501319	0.0	3.0606860158311346	5.857519788918205
GCA_900314275	2257	2211	2106	2127	2015	2.03810367744794	6.6902968542312795	5.759858218874612	10.72219760744351
GCA_900314595	2065	1968	1943	1996	1833	4.697336561743342	5.907990314769976	3.3414043583535107	11.234866828087167
GCA_900313115	1933	1859	1831	1811	1933	3.828246249353337	5.276771857216762	6.3114330056906365	0.0
GCA_900318395	3123	3066	3123	2943	2853	1.8251681075888568	0.0	5.763688760806916	8.645533141210375
GCA_900317335	2601	2554	2482	2488	2601	1.8069973087274125	4.57516339869281	4.344482891195693	0.0
GCA_900315135	2793	2753	2665	2522	2586	1.4321518080916578	4.582885785893305	9.702828499820981	7.411385606874328
GCA_900317005	1808	1734	1725	1740	1619	4.092920353982301	4.59070796460177	3.761061946902655	10.45353982300885
GCA_900319435	2060	2008	1964	1935	1823	2.524271844660194	4.660194174757281	6.067961165048544	11.504854368932039
GCA_900320115	1976	1963	1901	1760	1785	0.6578947368421052	3.7955465587044532	10.931174089068826	9.665991902834008
GCA_900316825	2737	2644	2737	2375	2294	3.3978808914870298	0.0	13.226160029229083	16.18560467665327
GCA_900319205	2241	2182	2166	2141	2241	2.6327532351628737	3.3467202141900936	4.462293618920125	0.0
GCA_900321625	1855	1829	1726	1759	1734	1.4016172506738545	6.954177897574124	5.175202156334232	6.522911051212938
GCA_900320815	2127	2080	2127	2029	1913	2.209685002350729	0.0	4.60742830277386	10.061118946873531
GCA_900315895	1633	1630	1514	1553	1633	0.1837109614206981	7.287201469687692	4.898958971218616	0.0
GCA_900321525	1887	1832	1783	1754	1706	2.9146793852676205	5.511393746687864	7.048224695283518	9.591944886062533
GCA_900320685	1849	1823	1849	1802	1707	1.4061654948620876	0.0	2.541914548404543	7.679826933477556
GCA_900315005	2499	2467	2405	2443	2290	1.2805122048819528	3.7615046018407363	2.2408963585434174	8.363345338135254
GCA_900318665	1931	1920	1887	1894	1710	0.5696530295183843	2.278612118073537	1.9161056447436562	11.44484722941481
GCA_900321425	1903	1898	1845	1869	1717	0.2627430373095113	3.047819232790331	1.786652653704677	9.774040987913821
GCA_900317535	2653	2588	2458	2509	2653	2.4500565397663023	7.350169619298907	5.427817565020731	0.0
GCA_900320175	2429	2375	2319	2304	2226	2.2231370934540964	4.5286125977768625	5.14615067929189	8.357348703170029
GCA_900320305	2927	2912	2666	2789	2728	0.5124701059104886	8.916979842842501	4.7147249743764945	6.798770071745815
GCA_900321905	1633	1613	1633	1564	1453	1.224739742804654	0.0	4.225352112676056	11.022657685241887
GCA_900318345	2529	2467	2394	2432	2315	2.4515618821668643	5.338078291814947	3.835508105970739	8.461842625543694
GCA_900314585	1003	925	885	899	877	7.7766699900299106	11.76470588235294	10.36889332003988	12.562313060817548
GCA_900316015	2770	2759	2455	2525	2521	0.3971119133574007	11.371841155234657	8.844765342960288	8.989169675090253
GCA_900319665	2462	2443	2462	2390	2306	0.7717303005686434	0.0	2.924451665312754	6.336311941510966
GCA_900313245	1776	1724	1776	1664	1776	2.9279279279279278	0.0	6.306306306306306	0.0
GCA_900317305	2933	2907	2682	2802	2575	0.8864643709512444	8.55779065802932	4.466416638254348	12.205932492328673
GCA_900320535	2280	2241	2182	2171	2280	1.710526315789474	4.298245614035088	4.780701754385965	0.0
GCA_900316715	2506	2436	2327	2419	2264	2.793296089385475	7.142857142857142	3.471667996807662	9.65682362330407
GCA_900318165	2567	2529	2449	2476	2258	1.4803272302298403	4.596805609661083	3.544994156603039	12.037397740553175
GCA_900315565	2705	2622	2571	2487	2705	3.0683918669131236	4.953789279112754	8.059149722735674	0.0
GCA_900315165	2104	1880	2015	2015	2104	10.646387832699618	4.230038022813688	4.230038022813688	0.0
GCA_900318175	2512	2450	2451	2381	2466	2.4681528662420384	2.428343949044586	5.214968152866242	1.8312101910828025
GCA_900316605	1825	1816	1714	1752	1825	0.4931506849315068	6.082191780821917	4.0	0.0
GCA_900316365	1297	1293	1214	1273	994	0.30840400925212025	6.399383191981496	1.8504240555127216	23.36160370084811
GCA_900316085	1868	1830	1868	1787	1721	2.0342612419700217	0.0	4.336188436830835	7.869379014989293
GCA_900315665	2276	2262	2191	2207	2056	0.6151142355008787	3.7346221441124783	3.031634446397188	9.666080843585236
GCA_900315715	1945	1891	1854	1843	1779	2.776349614395887	4.67866323907455	5.244215938303342	8.534704370179949
GCA_900321355	1607	1564	1607	1518	1455	2.675793403858121	0.0	5.5382700684505295	9.458618543870566
GCA_900321735	1567	1537	1498	1483	1403	1.9144862795149968	4.403318442884493	5.360561582641991	10.465858328015317
GCA_900321945	2274	2218	2170	2162	2032	2.4626209322779244	4.573438874230431	4.925241864555849	10.642040457343887
GCA_900313955	2290	2252	2290	2184	2083	1.6593886462882095	0.0	4.6288209606986905	9.039301310043669
GCA_900320015	2851	2703	2762	2763	2618	5.191160996141705	3.1217116801122415	3.0866362679761488	8.172571027709576
GCA_900314225	1353	1313	1353	1286	1190	2.9563932002956395	0.0	4.951958610495196	12.04730229120473
GCA_900313405	1593	1559	1520	1474	1454	2.1343377275580666	4.58254865034526	7.470182046453234	8.725674827369742
GCA_900318135	1852	1820	1777	1773	1680	1.7278617710583155	4.049676025917927	4.2656587473002165	9.287257019438446
GCA_900314265	2010	1980	1907	1949	1785	1.4925373134328357	5.124378109452736	3.0348258706467663	11.194029850746269
GCA_900316925	1991	1968	1899	1881	1802	1.1551983927674536	4.6207935710698145	5.524861878453039	9.492717227523856
GCA_900317755	1959	1938	1871	1877	1846	1.0719754977029097	4.492087799897907	4.185809086268504	5.768249106687085
GCA_900319415	1996	1933	1913	1907	1802	3.1563126252505005	4.158316633266533	4.458917835671343	9.719438877755511
GCA_900314565	3750	3669	3584	3579	3420	2.16	4.426666666666667	4.5600000000000005	8.799999999999999
GCA_900314295	2255	2205	2147	2114	2255	2.2172949002217295	4.789356984478936	6.252771618625277	0.0
GCA_900313525	1896	1858	1822	1790	1704	2.0042194092827006	3.9029535864978904	5.590717299578059	10.126582278481013
GCA_900314555	2394	2361	2317	2332	2137	1.3784461152882206	3.216374269005848	2.5898078529657473	10.73517126148705
GCA_900317415	1933	1901	1848	1873	1800	1.6554578375581996	4.397309881013968	3.1039834454216244	6.880496637351268
GCA_900322115	2688	2641	2543	2583	2688	1.7485119047619049	5.394345238095238	3.90625	0.0
GCA_900318205	2924	2889	2836	2649	2924	1.1969904240766074	3.009575923392613	9.404924760601915	0.0
GCA_900321395	1499	1463	1432	1428	1499	2.401601067378252	4.469646430953969	4.736490993995997	0.0
GCA_900320745	1074	1061	1033	1020	1004	1.2104283054003724	3.8175046554934826	5.027932960893855	6.517690875232775
GCA_900316985	3240	3231	3094	3053	2925	0.2777777777777778	4.506172839506172	5.771604938271605	9.722222222222223
GCA_900318765	1638	1614	1572	1578	1638	1.465201465201465	4.029304029304029	3.6630036630036633	0.0
GCA_900318745	1905	1894	1774	1747	1739	0.5774278215223096	6.876640419947506	8.293963254593177	8.713910761154855
GCA_900313705	2219	2153	2125	2134	2219	2.974312753492564	4.23614240648941	3.8305543037404237	0.0
GCA_900315815	2108	2091	2045	1967	1850	0.8064516129032258	2.988614800759013	6.688804554079697	12.23908918406072
GCA_900314635	2024	2021	2024	1898	1923	0.14822134387351776	0.0	6.225296442687747	4.9901185770750995
GCA_900318155	1840	1830	1788	1754	1642	0.5434782608695652	2.8260869565217392	4.673913043478261	10.760869565217392
GCA_900318915	2727	2694	2634	2633	2532	1.21012101210121	3.4103410341034106	3.447011367803447	7.15071507150715
GCA_900320395	1738	1668	1688	1586	1650	4.027617951668585	2.8768699654775602	8.745684695051784	5.063291139240507
GCA_900318815	3298	3210	3052	3110	3111	2.668283808368708	7.459066100667071	5.700424499696786	5.670103092783505
GCA_900314995	3034	2974	2934	2860	2689	1.977587343441002	3.2959789057350033	5.735003295978905	11.371127224785761
GCA_900317595	1664	1625	1570	1595	1664	2.34375	5.649038461538462	4.146634615384615	0.0
GCA_900316375	2033	1986	1943	1915	1841	2.3118544023610426	4.426955238563699	5.8042302016724046	9.444171175602557
GCA_900321975	1649	1635	1649	1554	1435	0.8489993935718617	0.0	5.761067313523347	12.977562158884174
GCA_900313545	2306	2258	2202	2211	2034	2.0815264527320037	4.509973980919341	4.11968777103209	11.795316565481354
GCA_900315745	3740	3611	3628	3563	3490	3.449197860962567	2.9946524064171123	4.732620320855615	6.684491978609626
GCA_900321285	1773	1743	1704	1693	1561	1.6920473773265652	3.8917089678511	4.512126339537507	11.957134799774394
GCA_900313375	2475	2449	2475	2314	2253	1.0505050505050506	0.0	6.505050505050505	8.969696969696969
GCA_900313415	2275	2195	2122	2164	2275	3.5164835164835164	6.725274725274725	4.879120879120879	0.0
GCA_900318235	1911	1878	1797	1806	1691	1.726844583987441	5.965463108320251	5.4945054945054945	11.512297226582941
GCA_900318495	1715	1686	1671	1687	1456	1.6909620991253644	2.565597667638484	1.6326530612244898	15.10204081632653
GCA_900317955	2451	2419	2359	2391	2451	1.3055895552835577	3.7535699714402284	2.4479804161566707	0.0
GCA_900321885	2065	2027	1900	1940	2065	1.8401937046004841	7.990314769975787	6.053268765133172	0.0
GCA_900317275	1991	1967	1918	1873	1878	1.2054244098442994	3.6664992466097437	5.926670015067805	5.675539929683576
GCA_900315545	1934	1910	1934	1857	1806	1.2409513960703205	0.0	3.981385729058945	6.618407445708377
GCA_900321875	1560	1546	1452	1448	1362	0.8974358974358974	6.923076923076923	7.179487179487179	12.692307692307692
GCA_900319535	1999	1980	1931	1896	1735	0.9504752376188095	3.401700850425213	5.152576288144072	13.206603301650826
GCA_900321385	2516	2439	2397	2401	2283	3.0604133545310015	4.72972972972973	4.5707472178060415	9.26073131955485
GCA_900313345	875	857	875	865	760	2.057142857142857	0.0	1.1428571428571428	13.142857142857142
GCA_900313675	2096	2047	2056	2028	1820	2.3377862595419847	1.9083969465648856	3.2442748091603053	13.16793893129771
GCA_900318145	2871	2821	2871	2813	2646	1.7415534656913967	0.0	2.0202020202020203	7.836990595611286
GCA_900320275	2855	2780	2795	2704	2731	2.626970227670753	2.1015761821366024	5.2889667250437835	4.343257443082312
GCA_900319715	2653	2595	2511	2533	2312	2.186204297022239	5.352431209950999	4.523181304183943	12.85337353938937
GCA_900316815	1983	1938	1875	1865	1983	2.26928895612708	5.446293494704992	5.950579929399899	0.0
GCA_900320455	2354	2311	2262	2261	2114	1.826677994902294	3.908241291418862	3.95072217502124	10.195412064570943
GCA_900314525	2300	2291	2164	2181	2300	0.391304347826087	5.913043478260869	5.173913043478261	0.0
GCA_900321985	2172	2120	2057	1986	1969	2.394106813996317	5.294659300184161	8.56353591160221	9.34622467771639
GCA_900315365	2333	2241	2333	2260	1988	3.9434204886412347	0.0	3.1290184312044578	14.78782683240463
GCA_900320755	2688	2647	2567	2549	2470	1.525297619047619	4.501488095238095	5.171130952380952	8.110119047619047
GCA_900313075	1350	1332	1253	1305	1244	1.3333333333333335	7.185185185185185	3.3333333333333335	7.851851851851851
GCA_900315585	2323	2268	2323	2247	2178	2.3676280671545413	0.0	3.2716315109771847	6.241928540680155
GCA_900319065	2576	2561	2456	2473	2576	0.5822981366459627	4.658385093167702	3.998447204968944	0.0
GCA_900316275	2006	1966	1905	1911	1809	1.9940179461615155	5.0348953140578265	4.735792622133599	9.820538384845463
GCA_900319025	1683	1660	1683	1604	1536	1.3666072489601901	0.0	4.69399881164587	8.73440285204991
GCA_900319255	1943	1899	1841	1855	1943	2.2645393721049922	5.249613998970664	4.5290787442099845	0.0
GCA_900313135	2109	2082	2109	2005	2109	1.2802275960170697	0.0	4.931247036510195	0.0
GCA_900315155	2312	2248	2270	2300	2312	2.768166089965398	1.8166089965397925	0.5190311418685121	0.0
GCA_900318015	2776	2522	2723	2668	2776	9.14985590778098	1.909221902017291	3.890489913544669	0.0
GCA_900318615	2006	1987	1977	1872	1881	0.9471585244267198	1.4456630109670987	6.679960119641076	6.231306081754736
GCA_900315685	2087	2041	2028	2025	1813	2.2041207474844273	2.827024436990896	2.9707714422616194	13.128893148059415
GCA_900319845	2462	2438	2342	2316	2184	0.974817221770918	4.8740861088545895	5.930138099106418	11.291632818846466
GCA_900319675	1680	1657	1594	1615	1520	1.369047619047619	5.119047619047619	3.869047619047619	9.523809523809524
GCA_900314135	2229	2216	2131	2159	2033	0.5832211754149843	4.396590399282189	3.140421713772992	8.793180798564379
GCA_900316875	1641	1612	1641	1570	1532	1.7672151127361364	0.0	4.3266301035953685	6.642291285801341
GCA_900313605	1684	1643	1625	1621	1575	2.434679334916865	3.503562945368171	3.7410926365795723	6.472684085510688
GCA_900320055	2235	2233	2107	2125	2090	0.0894854586129754	5.727069351230425	4.921700223713646	6.487695749440715
GCA_900314985	2680	2636	2518	2482	2459	1.6417910447761193	6.044776119402985	7.388059701492537	8.246268656716419
GCA_900314235	2229	2144	2149	2175	2002	3.813369223867205	3.589053387169134	2.4226110363391657	10.183938986092418
GCA_900314575	1823	1742	1823	1701	1694	4.443225452550741	0.0	6.692265496434449	7.076247942951179
GCA_900320095	2155	2079	2112	2076	1876	3.5266821345707653	1.9953596287703015	3.6658932714617167	12.94663573085847
GCA_900313355	1189	1182	1145	1105	1059	0.5887300252312868	3.700588730025231	7.064760302775442	10.933557611438182
GCA_900320165	2186	2178	2072	2154	2030	0.36596523330283626	5.215004574565416	1.463860933211345	7.136322049405306
GCA_900313285	894	891	873	870	780	0.33557046979865773	2.348993288590604	2.684563758389262	12.751677852348994
GCA_900316725	1990	1918	1889	1773	1762	3.618090452261306	5.075376884422111	10.904522613065327	11.457286432160805
GCA_900316105	1821	1698	1717	1708	1726	6.754530477759473	5.7111477210323995	6.205381658429435	5.216913783635365
GCA_900320145	1978	1956	1892	1869	1822	1.1122345803842264	4.3478260869565215	5.51061678463094	7.886754297269969
GCA_900319015	1701	1688	1701	1594	1701	0.7642563198118754	0.0	6.290417401528512	0.0
GCA_900320555	1666	1623	1570	1628	1666	2.581032412965186	5.762304921968788	2.2809123649459786	0.0
GCA_900319885	1191	1159	1130	1125	1191	2.686817800167926	5.121746431570109	5.541561712846348	0.0
GCA_900313815	1030	1011	993	995	843	1.8446601941747571	3.5922330097087376	3.3980582524271843	18.155339805825243
GCA_900321545	1821	1790	1726	1760	1620	1.7023613399231192	5.216913783635365	3.3498077979132344	11.037891268533773
GCA_900319475	2092	2038	1937	2019	1935	2.581261950286807	7.4091778202676855	3.4894837476099427	7.504780114722753
GCA_900318215	2564	2535	2411	2441	2564	1.1310452418096724	5.967238689547582	4.797191887675507	0.0
GCA_900321235	2523	2489	2426	2383	2295	1.3476020610384463	3.8446294094332147	5.548949663099485	9.036860879904875
GCA_900320495	1847	1826	1847	1768	1847	1.136978884677856	0.0	4.2772062804547915	0.0
GCA_900314175	2426	2382	2285	2276	2426	1.8136850783182192	5.812036273701566	6.1830173124484755	0.0
GCA_900320255	2247	2203	2154	2164	2247	1.9581664441477526	4.138851802403204	3.693813974187806	0.0
GCA_900321295	3292	3248	3292	3150	2942	1.336573511543135	0.0	4.313487241798299	10.631834750911299
GCA_900314185	2065	2040	2004	1958	1836	1.2106537530266344	2.953995157384988	5.181598062953995	11.08958837772397
GCA_900322135	2664	2634	2536	2555	2664	1.1261261261261262	4.804804804804805	4.091591591591592	0.0
GCA_900316575	1974	1947	1819	1658	1974	1.3677811550151975	7.852077001013172	16.0081053698075	0.0
GCA_900316035	1571	1547	1527	1354	1457	1.5276893698281349	2.8007638446849143	13.812858052196052	7.2565245066836415
GCA_900318265	2518	2459	2438	2301	2299	2.3431294678316124	3.177124702144559	8.617950754567117	8.697378872120732
GCA_900318005	2286	2283	2176	2157	2132	0.13123359580052493	4.811898512685914	5.6430446194225725	6.73665791776028
GCA_900313935	2210	2159	2079	2086	2014	2.307692307692308	5.9276018099547505	5.610859728506788	8.868778280542987
GCA_900318385	1770	1723	1692	1623	1770	2.655367231638418	4.406779661016949	8.305084745762711	0.0
GCA_900318045	2944	2899	2792	2776	2944	1.528532608695652	5.163043478260869	5.706521739130435	0.0
GCA_900315045	1977	1962	1977	1880	1790	0.7587253414264037	0.0	4.906423874557411	9.458775923115832
GCA_900320525	1924	1897	1856	1831	1796	1.4033264033264035	3.5343035343035343	4.833679833679834	6.652806652806653
GCA_900313735	1646	1620	1554	1570	1646	1.5795868772782502	5.5893074119076545	4.6172539489671935	0.0
GCA_900314075	2379	2343	2268	2238	2199	1.5132408575031526	4.665825977301387	5.926860025220681	7.566204287515762
GCA_900314775	1917	1894	1802	1765	1747	1.1997913406364111	5.998956703182055	7.92905581637976	8.868022952529994
GCA_900318355	1841	1782	1841	1753	1543	3.2047800108636606	0.0	4.780010863661054	16.18685497012493
GCA_900315015	2267	2254	2151	2030	1980	0.5734450816056462	5.116894574327305	10.454344949272166	12.659902955447727
GCA_900321375	2540	2504	2424	2386	2293	1.4173228346456692	4.566929133858268	6.062992125984252	9.724409448818898
GCA_900313835	2030	1998	1893	1897	1802	1.5763546798029555	6.748768472906404	6.551724137931035	11.231527093596059
GCA_900319185	1921	1856	1819	1830	1735	3.38365434669443	5.3097345132743365	4.737116085372202	9.682457053617908
GCA_900318295	1718	1698	1718	1638	1534	1.1641443538998837	0.0	4.656577415599535	10.71012805587893
GCA_900314505	1855	1828	1855	1776	1690	1.4555256064690028	0.0	4.258760107816712	8.89487870619946
GCA_900318625	2028	2013	2028	1925	1790	0.7396449704142012	0.0	5.0788954635108485	11.735700197238659
GCA_900314715	3099	3073	3099	2963	2707	0.8389803162310423	0.0	4.388512423362375	12.64924169086802
GCA_900313365	1724	1683	1724	1598	1570	2.3781902552204177	0.0	7.308584686774942	8.932714617169374
GCA_900316595	930	916	885	876	854	1.5053763440860215	4.838709677419355	5.806451612903226	8.172043010752688
GCA_900320885	2606	2569	2606	2457	2606	1.419800460475825	0.0	5.717574827321566	0.0
GCA_900313785	2160	2109	2160	2028	2160	2.361111111111111	0.0	6.111111111111111	0.0
GCA_900315735	2610	2583	2610	2492	2410	1.0344827586206897	0.0	4.521072796934866	7.662835249042145
GCA_900319455	1829	1765	1829	1736	1829	3.499179879715691	0.0	5.084745762711865	0.0
GCA_900316935	1767	1764	1673	1740	1583	0.1697792869269949	5.319750990379174	1.5280135823429541	10.413129598189022
GCA_900314285	2065	2044	1986	1929	1912	1.0169491525423728	3.8256658595641646	6.585956416464891	7.4092009685230025
GCA_900320285	1849	1841	1720	1758	1849	0.4326663061114116	6.976744186046512	4.921579232017307	0.0
GCA_900318285	2360	2335	1976	2342	2246	1.059322033898305	16.271186440677965	0.7627118644067797	4.830508474576272
GCA_900321695	1788	1756	1704	1740	1788	1.7897091722595078	4.697986577181208	2.684563758389262	0.0
GCA_900315775	2002	1973	2002	1906	1700	1.4485514485514486	0.0	4.795204795204795	15.084915084915085
GCA_900321935	2318	2280	2214	2233	2128	1.639344262295082	4.486626402070751	3.6669542709232097	8.19672131147541
GCA_900315205	2040	1993	2009	1919	2040	2.3039215686274512	1.5196078431372548	5.931372549019607	0.0
GCA_900321685	1891	1828	1811	1826	1658	3.3315705975674246	4.230565838180857	3.437334743521946	12.321523003701746
GCA_900315605	2198	2127	1997	2138	1918	3.230209281164695	9.144676979071884	2.72975432211101	12.738853503184714
GCA_900315625	1551	1514	1491	1488	1370	2.385557704706641	3.8684719535783367	4.061895551257253	11.669890393294649
GCA_900313325	1959	1941	1886	1942	1959	0.9188361408882083	3.7263910158244005	0.8677896886166412	0.0
GCA_900318225	1760	1742	1696	1670	1559	1.0227272727272727	3.6363636363636362	5.113636363636364	11.420454545454547
GCA_900316165	2378	2359	2253	2302	2120	0.798990748528175	5.256518082422203	3.1959629941127	10.849453322119427
GCA_900316755	1975	1830	1786	1889	1772	7.341772151898734	9.569620253164556	4.3544303797468356	10.278481012658228
GCA_900319595	1545	1513	1545	1488	1357	2.071197411003236	0.0	3.6893203883495143	12.168284789644012
GCA_900315825	1591	1592	1591	1540	1591	-0.06285355122564425	0.0	3.205531112507857	0.0
GCA_900314665	1946	1897	1826	1824	1747	2.5179856115107913	6.166495375128469	6.269270298047276	10.226104830421377
GCA_900317695	2530	2456	2321	2413	2214	2.924901185770751	8.26086956521739	4.624505928853755	12.4901185770751
GCA_900321895	1453	1434	1359	1408	1324	1.307639366827254	6.4693737095664146	3.0970406056434965	8.878183069511355
GCA_900322175	2856	2799	2707	2606	2590	1.9957983193277309	5.217086834733894	8.753501400560223	9.313725490196079
GCA_900317175	1814	1770	1743	1743	1596	2.4255788313120177	3.914002205071665	3.914002205071665	12.017640573318634
GCA_900315305	2169	2128	2053	2078	2169	1.8902720147533425	5.348086675887505	4.195481788842784	0.0
GCA_900320585	2728	2693	2573	2552	2728	1.282991202346041	5.681818181818182	6.451612903225806	0.0
GCA_900321055	1157	1129	1096	1099	1018	2.4200518582541055	5.2722558340535866	5.012964563526361	12.013828867761452
GCA_900320355	2765	2718	2617	2624	2501	1.6998191681735986	5.352622061482821	5.099457504520796	9.547920433996383
GCA_900320225	4148	4094	3894	3856	4148	1.3018322082931533	6.123432979749277	7.03953712632594	0.0
GCA_900315945	2226	2204	2118	2171	2226	0.9883198562443846	4.8517520215633425	2.4707996406109616	0.0
GCA_900321455	1914	1864	1816	1786	1914	2.612330198537095	5.120167189132706	6.687565308254964	0.0
GCA_900318995	2149	2060	2149	2050	1689	4.141461144718474	0.0	4.60679385760819	21.405304792926945
GCA_900319685	1995	1981	1922	1876	1751	0.7017543859649122	3.6591478696741855	5.964912280701754	12.230576441102757
GCA_900320405	947	947	947	947	947	0.0	0.0	0.0	0.0
GCA_900318855	2343	2283	2208	2194	2343	2.560819462227913	5.761843790012804	6.359368331199317	0.0
GCA_900319895	1528	1493	1437	1484	1528	2.2905759162303663	5.955497382198953	2.8795811518324608	0.0
GCA_900318895	2332	2297	2269	2237	1951	1.5008576329331047	2.7015437392795882	4.073756432246999	16.337907375643223
GCA_900314445	1768	1750	1734	1706	1600	1.0180995475113122	1.9230769230769231	3.506787330316742	9.502262443438914
GCA_900316065	1651	1635	1588	1542	1444	0.9691096305269533	3.815869170199879	6.602059357964869	12.537855844942458
GCA_900313885	1931	1911	1795	1805	1737	1.035732780942517	7.042982910409114	6.525116519937855	10.046607975142413
GCA_900322105	1550	1527	1453	1457	1418	1.4838709677419355	6.258064516129032	6.0	8.516129032258064
GCA_900315065	2403	2368	2202	2302	2194	1.4565126924677487	8.3645443196005	4.20307948397836	8.69746150645027
GCA_900318785	2807	2791	2537	2658	2529	0.5700035625222657	9.618810117563235	5.308158175988599	9.903811898824367
GCA_900319235	2833	2822	2833	2598	2567	0.3882809742322626	0.0	8.295093540416518	9.389339922343805
GCA_900320915	1837	1795	1837	1776	1664	2.286336418072945	0.0	3.3206314643440393	9.417528579205225
GCA_900317045	2046	2025	2046	1980	2046	1.0263929618768328	0.0	3.225806451612903	0.0
GCA_900321795	945	939	922	912	859	0.6349206349206349	2.433862433862434	3.492063492063492	9.100529100529101
GCA_900317095	1953	1925	1830	1878	1730	1.4336917562724014	6.29800307219662	3.840245775729647	11.418330773169483
GCA_900315415	1887	1824	1686	1827	1756	3.338632750397456	10.651828298887123	3.1796502384737675	6.942236354001059
GCA_900320625	1764	1740	1674	1706	1542	1.3605442176870748	5.1020408163265305	3.2879818594104306	12.585034013605442
GCA_900314255	2315	2293	2315	2224	2315	0.9503239740820735	0.0	3.9308855291576674	0.0
GCA_900320545	2067	1962	2009	2002	1534	5.079825834542816	2.8059990324141264	3.1446540880503147	25.78616352201258
GCA_900317655	2596	2563	2492	2502	2409	1.2711864406779663	4.006163328197227	3.62095531587057	7.203389830508475
GCA_900320505	1268	1244	1198	1169	1117	1.8927444794952681	5.520504731861198	7.807570977917981	11.908517350157728
GCA_900313335	1477	1422	1382	1401	1477	3.7237643872714963	6.431956668923494	5.145565335138795	0.0
GCA_900316675	1743	1678	1667	1679	1640	3.7292025243832474	4.360298336201951	3.671830177854274	5.909351692484223
GCA_900314125	2147	2107	2147	2040	2147	1.8630647414997672	0.0	4.983698183511877	0.0
GCA_900319075	2150	2143	2119	2090	1899	0.32558139534883723	1.441860465116279	2.7906976744186047	11.674418604651162
GCA_900320865	1681	1635	1681	1591	1580	2.7364663890541343	0.0	5.353955978584176	6.008328375966687
GCA_900315475	2049	2003	1984	1998	1905	2.2449975597852614	3.17227916056613	2.4890190336749636	7.027818448023426
GCA_900321255	2334	2267	2280	2223	2092	2.8706083976006855	2.313624678663239	4.755784061696658	10.36846615252785
GCA_900318535	2409	2392	2240	2307	2296	0.70568700705687	7.01535907015359	4.2341220423412205	4.69074304690743
GCA_900313305	1763	1732	1675	1661	1763	1.7583664208735112	4.991491775382871	5.785592739648326	0.0
GCA_900315925	2265	2259	2115	2186	2007	0.26490066225165565	6.622516556291391	3.487858719646799	11.390728476821192
GCA_900316895	1905	1882	1791	1833	1742	1.2073490813648293	5.984251968503937	3.779527559055118	8.556430446194225
GCA_900318545	2232	2201	2143	2105	2232	1.3888888888888888	3.9874551971326166	5.689964157706093	0.0
GCA_900316465	2564	2502	2564	2355	2285	2.418096723868955	0.0	8.151326053042121	10.881435257410295
GCA_900321245	2140	2071	2083	2050	2140	3.2242990654205608	2.663551401869159	4.205607476635514	0.0
GCA_900313435	1904	1869	1818	1806	1684	1.8382352941176472	4.516806722689076	5.147058823529411	11.554621848739496
GCA_900321515	2007	1967	1912	1908	1804	1.9930244145490783	4.733432984554061	4.932735426008969	10.114598903836573
GCA_900315295	1570	1502	1500	1480	1570	4.3312101910828025	4.45859872611465	5.7324840764331215	0.0
GCA_900316135	3530	3520	3393	3296	3244	0.28328611898017	3.881019830028329	6.628895184135978	8.101983002832862
GCA_900316315	2030	1957	2014	1934	1677	3.596059113300493	0.7881773399014778	4.729064039408867	17.389162561576356
GCA_900319805	2187	2160	2066	2082	1968	1.2345679012345678	5.532693187014175	4.801097393689986	10.013717421124829
GCA_900321045	2019	2019	1922	1622	1753	0.0	4.804358593363052	19.66319960376424	13.174839029222388
GCA_900318335	2551	2350	2476	2291	2551	7.879263034104272	2.9400235201881615	10.192081536652294	0.0
GCA_900321805	1795	1777	1795	1687	1795	1.0027855153203342	0.0	6.016713091922005	0.0
GCA_900319145	2412	2355	2278	2346	2412	2.36318407960199	5.555555555555555	2.736318407960199	0.0
GCA_900321485	1315	1289	1265	1261	1170	1.977186311787072	3.802281368821293	4.106463878326997	11.02661596958175
GCA_900319935	1877	1832	1877	1771	1736	2.397442727757059	0.0	5.647309536494406	7.511987213638785
GCA_900318695	1985	1961	1985	1890	1727	1.2090680100755666	0.0	4.785894206549118	12.997481108312343
GCA_900314005	2809	2784	2617	2656	2527	0.8899964400142399	6.835172659309363	5.446778212887148	10.039159843360626
GCA_900314375	1790	1752	1686	1716	1790	2.1229050279329607	5.810055865921788	4.134078212290502	0.0
GCA_900314115	2173	2149	2173	2055	1954	1.1044638748274276	0.0	5.4302807179015185	10.078232857800277
GCA_900321035	2264	2189	2139	2113	2005	3.312720848056537	5.521201413427561	6.669611307420495	11.439929328621908
GCA_900316155	2715	2618	2573	2604	2476	3.5727440147329648	5.230202578268877	4.088397790055249	8.802946593001842
GCA_900315355	2110	2030	2041	1959	1832	3.7914691943127963	3.2701421800947865	7.156398104265403	13.175355450236967
GCA_900315575	2941	2913	2797	2785	2692	0.9520571234274057	4.896293777626657	5.304318259095546	8.466507990479428
GCA_900314875	1210	1209	1210	1159	1210	0.08264462809917356	0.0	4.214876033057851	0.0
GCA_900318645	2948	2842	2599	2713	2644	3.595658073270014	11.83853459972863	7.971506105834464	10.312075983717776
GCA_900314605	2072	2022	2072	1957	1805	2.413127413127413	0.0	5.55019305019305	12.886100386100384
GCA_900319865	2516	2454	2393	2400	2156	2.46422893481717	4.888712241653418	4.610492845786964	14.308426073131955
GCA_900319215	1851	1845	1812	1655	1597	0.3241491085899514	2.106969205834684	10.588870880605079	13.722312263641276
GCA_900315405	2339	2290	2236	2218	2007	2.0949123557075673	4.40359127832407	5.173150919196238	14.194100042753313
GCA_900313725	1217	1194	1163	1183	1106	1.8898931799506986	4.437140509449466	2.7937551355792936	9.120788824979458
GCA_900319365	1959	1923	1797	1882	1959	1.8376722817764166	8.269525267993874	3.9305768249106685	0.0
GCA_900318575	1942	1941	1533	1729	1748	0.051493305870236865	21.06076210092688	10.968074150360453	9.989701338825952
GCA_900319615	1665	1634	1615	1611	1490	1.8618618618618619	3.003003003003003	3.2432432432432434	10.51051051051051
GCA_900321565	3139	3083	3021	3020	2801	1.7840076457470533	3.7591589678241477	3.7910162472124878	10.767760433259
GCA_900315885	1278	1219	1257	1218	1186	4.616588419405321	1.643192488262911	4.694835680751173	7.198748043818466
GCA_900320435	1786	1751	1786	1663	1786	1.9596864501679732	0.0	6.886898096304591	0.0
GCA_900313875	1075	1065	1028	1020	964	0.9302325581395349	4.372093023255814	5.116279069767442	10.325581395348838
GCA_900319405	1824	1825	1782	1725	1824	-0.05482456140350877	2.302631578947368	5.427631578947369	0.0
GCA_900321995	1582	1522	1582	1508	1470	3.792667509481669	0.0	4.677623261694058	7.079646017699115
GCA_900317315	1755	1729	1656	1682	1573	1.4814814814814816	5.641025641025641	4.15954415954416	10.37037037037037
GCA_900317425	1811	1784	1811	1579	1811	1.4908890115958033	0.0	12.810601877415792	0.0
GCA_900313095	2301	2260	2171	2145	2082	1.7818339852238156	5.649717514124294	6.779661016949152	9.517601043024772
GCA_900320905	2689	2667	2484	2632	2689	0.8181480104127928	7.623651915210115	2.1197471178876905	0.0
GCA_900317885	1796	1795	1622	1784	1500	0.05567928730512249	9.688195991091314	0.6681514476614699	16.481069042316257
GCA_900314795	2211	2207	2130	2017	2211	0.18091361374943465	3.6635006784260513	8.77431026684758	0.0
GCA_900316445	3478	3379	3339	3358	3204	2.8464634847613572	3.996549741230592	3.4502587694077054	7.878090856814262
GCA_900321845	1522	1494	1444	1420	1522	1.8396846254927726	5.124835742444152	6.701708278580814	0.0
GCA_900317975	1981	1972	1860	1804	1884	0.4543160020191822	6.108026249369006	8.934881373043916	4.8965169106511865
GCA_900314755	2525	2492	2525	2445	2525	1.306930693069307	0.0	3.1683168316831685	0.0
GCA_900321175	1504	1470	1504	1452	1504	2.2606382978723407	0.0	3.4574468085106385	0.0
GCA_900317505	2355	2339	2226	2273	2192	0.6794055201698515	5.477707006369427	3.4819532908704884	6.921443736730361
GCA_900321705	1760	1646	1742	1704	1760	6.4772727272727275	1.0227272727272727	3.1818181818181817	0.0
GCA_900319005	1970	1810	1970	1955	1863	8.121827411167512	0.0	0.7614213197969544	5.431472081218274
GCA_900314905	2046	1945	1919	1919	2046	4.936461388074291	6.207233626588465	6.207233626588465	0.0
GCA_900320075	2063	2034	1979	2011	2063	1.4057198254968493	4.07174018419777	2.5206010664081435	0.0
GCA_900317105	2384	2366	2281	2281	2164	0.7550335570469799	4.320469798657718	4.320469798657718	9.228187919463087
GCA_900320765	1556	1496	1483	1478	1431	3.8560411311053984	4.691516709511568	5.012853470437018	8.033419023136247
GCA_900318185	1993	1946	1859	1904	1993	2.3582538886101356	6.723532363271451	4.465629703963874	0.0
GCA_900320935	1534	1508	1456	1468	1403	1.694915254237288	5.084745762711865	4.3024771838331155	8.539765319426335
GCA_900314365	2201	2164	2201	2076	1998	1.6810540663334848	0.0	5.679236710586097	9.223080417991822
GCA_900313585	1622	1607	1550	1553	1472	0.9247842170160296	4.438964241676942	4.254007398273736	9.247842170160297
GCA_900316945	1989	1962	1919	1982	1862	1.3574660633484164	3.519356460532931	0.35193564605329314	6.385118149824032
GCA_900315975	2763	2754	2743	2647	2763	0.32573289902280134	0.7238508867173362	4.19833514296055	0.0
GCA_900314485	1686	1657	1560	1615	1528	1.7200474495848161	7.473309608540925	4.211150652431791	9.37129300118624
GCA_900313495	1909	1866	1822	1801	1698	2.252488213724463	4.557359874279728	5.657412257726559	11.05290728129911
GCA_900318955	2028	1977	2028	1965	1824	2.514792899408284	0.0	3.106508875739645	10.059171597633137
GCA_900313165	2250	2243	2213	2149	2084	0.3111111111111111	1.6444444444444446	4.488888888888889	7.377777777777777
GCA_900317615	1965	1942	1908	1886	1965	1.1704834605597965	2.900763358778626	4.020356234096692	0.0
GCA_900314705	1925	1896	1871	1816	1925	1.5064935064935066	2.8051948051948052	5.662337662337662	0.0
GCA_900315255	2478	2410	2384	2383	2232	2.744148506860371	3.7933817594834545	3.833736884584342	9.927360774818402
GCA_900314915	2142	2134	2142	2017	2077	0.3734827264239029	0.0	5.835667600373482	3.034547152194211
GCA_900317325	2769	2670	2627	2669	2628	3.5752979414951245	5.128205128205128	3.6114120621162877	5.092091007583965
GCA_900315865	1978	1891	1901	1844	1819	4.398382204246714	3.8928210313447926	6.774519716885743	8.038422649140546
GCA_900319825	1938	1725	1938	1836	1848	10.990712074303406	0.0	5.263157894736842	4.643962848297214
GCA_900313825	2511	2510	2402	2246	2511	0.039824771007566706	4.340900039824771	10.553564317005177	0.0
GCA_900317025	1585	1570	1444	1551	1412	0.9463722397476341	8.89589905362776	2.145110410094637	10.914826498422713
GCA_900319355	1986	1967	1873	1899	1986	0.9566968781470292	5.689828801611279	4.380664652567976	0.0
GCA_900317805	2495	2484	2436	2409	2495	0.4408817635270541	2.364729458917836	3.44689378757515	0.0
GCA_900317265	1924	1841	1841	1820	1924	4.3139293139293144	4.3139293139293144	5.405405405405405	0.0
GCA_900316975	2674	2637	2574	2576	2529	1.3836948391922212	3.7397157816005984	3.664921465968586	5.422587883320867
GCA_900316425	2234	2177	2187	2117	2087	2.551477170993733	2.103849597135184	5.237242614145032	6.580125335720681
GCA_900313535	1484	1469	1414	1417	1484	1.0107816711590296	4.716981132075472	4.514824797843666	0.0
GCA_900320785	1967	1952	1804	1861	1967	0.762582613116421	8.286731062531775	5.388917132689375	0.0
GCA_900314315	2433	2393	2320	2323	2136	1.6440608302507191	4.644471845458282	4.521167283189477	12.20715166461159
GCA_900321835	1874	1859	1735	1755	1742	0.8004268943436499	7.417289220917824	6.350053361792956	7.043756670224119
GCA_900321925	2659	2612	2556	2524	2370	1.7675817976682964	3.873636705528394	5.077096652877022	10.86874764949229
GCA_900320465	2165	2112	2059	2107	2165	2.4480369515011544	4.896073903002309	2.678983833718245	0.0
GCA_900318505	2342	2327	2342	2276	2061	0.6404782237403929	0.0	2.818104184457728	11.998292058070026
GCA_900316005	1952	1945	1952	1833	1952	0.35860655737704916	0.0	6.096311475409836	0.0
GCA_900320235	1750	1717	1631	1636	1575	1.8857142857142857	6.800000000000001	6.514285714285714	10.0
GCA_900320965	2286	2211	2234	2164	2035	3.2808398950131235	2.2747156605424323	5.336832895888014	10.979877515310585
GCA_900319465	1854	1779	1813	1730	1854	4.0453074433656955	2.2114347357065802	6.68824163969795	0.0
GCA_900315375	2303	2108	2303	2190	1983	8.467216673903604	0.0	4.906643508467217	13.894919669995659
GCA_900314465	1146	1115	1094	1132	1011	2.7050610820244327	4.537521815008725	1.2216404886561953	11.780104712041885
GCA_900317875	1824	1802	1731	1762	1649	1.2061403508771928	5.098684210526316	3.399122807017544	9.594298245614036
GCA_900318025	1700	1665	1609	1570	1487	2.0588235294117645	5.352941176470588	7.647058823529412	12.529411764705884
GCA_900313905	2474	2453	2474	2313	2474	0.8488278092158448	0.0	6.50767987065481	0.0
GCA_900319425	2212	2170	2212	2117	2212	1.89873417721519	0.0	4.2947558770343575	0.0
GCA_900315025	2241	2164	2161	2055	2241	3.435966086568496	3.5698348951361	8.299866131191433	0.0
GCA_900314815	2475	2452	2475	2424	2144	0.9292929292929294	0.0	2.0606060606060606	13.373737373737374
GCA_900316525	2496	2426	2344	2416	2157	2.8044871794871797	6.089743589743589	3.205128205128205	13.581730769230768
GCA_900320975	1676	1641	1604	1617	1676	2.088305489260143	4.295942720763723	3.5202863961813846	0.0
GCA_900315705	2457	2419	2381	2349	2269	1.5466015466015466	3.093203093203093	4.395604395604396	7.651607651607652
GCA_900321315	2679	2629	2580	2557	2466	1.8663680477790219	3.6954087346024638	4.5539380365808135	7.950727883538635
GCA_900318455	2646	2607	2506	2528	2355	1.473922902494331	5.291005291005291	4.459561602418746	10.997732426303855
GCA_900315935	1973	1941	1819	1903	1973	1.6218955904713634	7.805372529143437	3.5478966041561075	0.0
GCA_900318605	1196	1189	1142	1152	1015	0.5852842809364548	4.51505016722408	3.678929765886288	15.133779264214049
GCA_900320655	1488	1458	1425	1425	1350	2.0161290322580645	4.233870967741935	4.233870967741935	9.274193548387096
GCA_900317685	2599	2559	2446	2383	2283	1.5390534821085033	5.886879569065025	8.310888803385916	12.158522508657175
GCA_900320245	2478	2396	2399	2362	2266	3.3091202582728005	3.188054882970137	4.681194511702986	8.555286521388217
GCA_900317645	2793	2750	2684	2666	2600	1.5395631936985321	3.9026136770497675	4.547081990691013	6.910132474042248
GCA_900317545	2464	2416	2464	2339	2200	1.948051948051948	0.0	5.073051948051948	10.714285714285714
GCA_900313765	2019	1981	2019	1908	1849	1.8821198613174839	0.0	5.49777117384844	8.420009905894007
GCA_900320185	1882	1865	1790	1798	1696	0.9032943676939427	4.888416578108395	4.463336875664187	9.883103081827842
GCA_900318365	1798	1756	1798	1716	1570	2.3359288097886544	0.0	4.560622914349278	12.680756395995552
GCA_900313445	1934	1896	1849	1835	1752	1.9648397104446742	4.395036194415719	5.118924508790072	9.410548086866598
GCA_900320325	1825	1747	1742	1763	1696	4.273972602739726	4.547945205479452	3.397260273972603	7.068493150684932
GCA_900318835	2026	1995	1976	1967	1924	1.5301085883514314	2.4679170779861797	2.912142152023692	5.034550839091807
GCA_900319625	2206	2206	2070	2179	2206	0.0	6.165004533091569	1.2239347234814144	0.0
GCA_900321195	1660	1607	1660	1581	1526	3.1927710843373496	0.0	4.759036144578313	8.072289156626505
GCA_900317215	1868	1846	1791	1772	1868	1.177730192719486	4.122055674518201	5.139186295503212	0.0
GCA_900314625	2509	2475	2500	2435	2509	1.3551215623754485	0.35870864886408926	2.949382223993623	0.0
GCA_900316775	3384	3306	3384	3244	3091	2.304964539007092	0.0	4.137115839243498	8.65839243498818
GCA_900319875	1829	1805	1829	1690	1668	1.3121924548933843	0.0	7.599781301257518	8.802624384909787
GCA_900321105	896	896	896	896	839	0.0	0.0	0.0	6.361607142857142
GCA_900318125	1647	1610	1575	1575	1497	2.2465088038858534	4.371584699453552	4.371584699453552	9.107468123861565
GCA_900321205	1810	1738	1665	1748	1503	3.9779005524861875	8.011049723756907	3.4254143646408837	16.96132596685083
GCA_900321115	2333	2275	2179	2229	2123	2.4860694384912128	6.600942991855979	4.457779682811831	9.001285897985428
GCA_900313775	1458	1424	1396	1387	1458	2.3319615912208507	4.252400548696845	4.869684499314129	0.0
GCA_900315465	1991	1959	1922	1849	1786	1.607232546459066	3.465595178302361	7.132094424912104	10.296333500753391
GCA_900320045	1846	1835	1846	1804	1661	0.5958829902491874	0.0	2.275189599133261	10.021668472372697
GCA_900321075	1640	1607	1562	1580	1514	2.0121951219512195	4.7560975609756095	3.6585365853658534	7.682926829268292
GCA_900315525	2723	2703	2686	2511	2394	0.7344840249724568	1.3587954461990452	7.785530664708043	12.082262210796916
GCA_900314095	2669	2635	2669	2517	2342	1.2738853503184715	0.0	5.695016860247284	12.251779692768828
GCA_900317355	1794	1780	1708	1708	1794	0.7803790412486065	4.793756967670011	4.793756967670011	0.0
GCA_900317485	1547	1526	1483	1471	1405	1.3574660633484164	4.137039431157078	4.912734324499031	9.179056237879767
GCA_900316175	1970	1925	1890	1888	1970	2.284263959390863	4.060913705583756	4.16243654822335	0.0
GCA_900318115	2454	2381	2312	2371	2454	2.974735126324368	5.786471067644662	3.382233088834556	0.0
GCA_900315995	1293	1286	1236	1194	1161	0.5413766434648105	4.408352668213457	7.65661252900232	10.208816705336426
GCA_900317815	1952	1929	1952	1841	1952	1.1782786885245902	0.0	5.686475409836065	0.0
GCA_900317965	1835	1717	1770	1715	1736	6.430517711171663	3.5422343324250685	6.539509536784741	5.395095367847412
GCA_900318565	1960	1928	1960	1782	1728	1.6326530612244898	0.0	9.081632653061225	11.83673469387755
GCA_900314435	2216	2174	2159	2182	2216	1.895306859205776	2.572202166064982	1.5342960288808665	0.0
GCA_900319375	1635	1575	1635	1546	1635	3.669724770642202	0.0	5.443425076452599	0.0
GCA_900318445	1836	1805	1732	1703	1667	1.6884531590413945	5.664488017429194	7.24400871459695	9.20479302832244
GCA_900313395	1988	1931	1895	1875	1782	2.8672032193158956	4.678068410462776	5.684104627766599	10.362173038229376
GCA_900322025	1369	1338	1274	1297	1369	2.264426588750913	6.939371804236669	5.259313367421475	0.0
GCA_900320025	2062	2036	2062	1937	2062	1.2609117361784674	0.0	6.062075654704171	0.0
GCA_900317345	1732	1708	1601	1677	1584	1.3856812933025404	7.5635103926097	3.1755196304849886	8.545034642032332
GCA_900317565	3157	3090	3015	2954	2770	2.1222679759265124	4.497941083306936	6.430155210643015	12.258473234082992
GCA_900319115	2780	2740	2780	2678	2418	1.4388489208633095	0.0	3.6690647482014387	13.02158273381295
GCA_900316865	2170	2152	2014	2089	1936	0.8294930875576038	7.1889400921658995	3.7327188940092166	10.783410138248847
GCA_900313205	2233	2179	2233	2097	1994	2.418271383788625	0.0	6.090461262875056	10.70309001343484
GCA_900319985	2078	2070	1985	1970	1863	0.384985563041386	4.475457170356112	5.19730510105871	10.346487006737247
GCA_900322155	2821	2721	2728	2601	2596	3.5448422545196743	3.296703296703297	7.798652959943282	7.975895072669266
GCA_900316565	1901	1838	1730	1777	1758	3.314045239347712	8.995265649658075	6.522882693319305	7.522356654392424
GCA_900314925	2093	1914	2009	2009	2093	8.552317247969423	4.013377926421405	4.013377926421405	0.0
GCA_900314415	1632	1605	1550	1541	1458	1.6544117647058825	5.0245098039215685	5.575980392156863	10.661764705882353
GCA_900316055	2175	2123	1971	2052	2008	2.3908045977011496	9.379310344827587	5.655172413793103	7.678160919540229
GCA_900319495	2397	2377	2397	2320	2220	0.8343763037129746	0.0	3.212348769294952	7.3842302878598245
GCA_900316505	2602	2475	2534	2517	2378	4.88086087624904	2.6133743274404306	3.266717909300538	8.608762490392007
GCA_900315965	2197	2114	2111	2102	1960	3.7778789258079195	3.914428766499772	4.32407828857533	10.787437414656349
GCA_900319445	2288	2245	2177	2206	2041	1.8793706293706292	4.851398601398602	3.583916083916084	10.795454545454545
GCA_900321445	1758	1729	1668	1679	1566	1.6496018202502845	5.1194539249146755	4.493742889647327	10.921501706484642
GCA_900315175	2081	2080	1919	1957	1901	0.04805382027871216	7.784718885151369	5.958673714560307	8.649687650168188
GCA_900317935	3780	3633	3586	3593	3389	3.888888888888889	5.132275132275133	4.947089947089947	10.343915343915345
